Site,Day,Date,StartTime,EndTime,Det Flow*
N01121T1,WE,29-07-2020,00:00,00:15,28
N01121T1,WE,29-07-2020,00:15,00:30,28
N01121T1,WE,29-07-2020,00:30,00:45,4
N01121T1,WE,29-07-2020,00:45,01:00,32
N01121T1,WE,29-07-2020,01:00,01:15,20
N01121T1,WE,29-07-2020,01:15,01:30,16
N01121T1,WE,29-07-2020,01:30,01:45,0
N01121T1,WE,29-07-2020,01:45,02:00,24
N01121T1,WE,29-07-2020,02:00,02:15,12
N01121T1,WE,29-07-2020,02:15,02:30,16
N01121T1,WE,29-07-2020,02:30,02:45,8
N01121T1,WE,29-07-2020,02:45,03:00,28
N01121T1,WE,29-07-2020,03:00,03:15,0
N01121T1,WE,29-07-2020,03:15,03:30,8
N01121T1,WE,29-07-2020,03:30,03:45,24
N01121T1,WE,29-07-2020,03:45,04:00,4
N01121T1,WE,29-07-2020,04:00,04:15,8
N01121T1,WE,29-07-2020,04:15,04:30,4
N01121T1,WE,29-07-2020,04:30,04:45,24
N01121T1,WE,29-07-2020,04:45,05:00,4
N01121T1,WE,29-07-2020,05:00,05:15,16
N01121T1,WE,29-07-2020,05:15,05:30,12
N01121T1,WE,29-07-2020,05:30,05:45,4
N01121T1,WE,29-07-2020,05:45,06:00,28
N01121T1,WE,29-07-2020,06:00,06:15,24
N01121T1,WE,29-07-2020,06:15,06:30,12
N01121T1,WE,29-07-2020,06:30,06:45,20
N01121T1,WE,29-07-2020,06:45,07:00,56
N01121T1,WE,29-07-2020,07:00,07:15,28
N01121T1,WE,29-07-2020,07:15,07:30,52
N01121T1,WE,29-07-2020,07:30,07:45,60
N01121T1,WE,29-07-2020,07:45,08:00,88
N01121T1,WE,29-07-2020,08:00,08:15,60
N01121T1,WE,29-07-2020,08:15,08:30,88
N01121T1,WE,29-07-2020,08:30,08:45,84
N01121T1,WE,29-07-2020,08:45,09:00,96
N01121T1,WE,29-07-2020,09:00,09:15,108
N01121T1,WE,29-07-2020,09:15,09:30,92
N01121T1,WE,29-07-2020,09:30,09:45,116
N01121T1,WE,29-07-2020,09:45,10:00,120
N01121T1,WE,29-07-2020,10:00,10:15,124
N01121T1,WE,29-07-2020,10:15,10:30,96
N01121T1,WE,29-07-2020,10:30,10:45,112
N01121T1,WE,29-07-2020,10:45,11:00,116
N01121T1,WE,29-07-2020,11:00,11:15,88
N01121T1,WE,29-07-2020,11:15,11:30,100
N01121T1,WE,29-07-2020,11:30,11:45,172
N01121T1,WE,29-07-2020,11:45,12:00,172
N01121T1,WE,29-07-2020,12:00,12:15,152
N01121T1,WE,29-07-2020,12:15,12:30,124
N01121T1,WE,29-07-2020,12:30,12:45,116
N01121T1,WE,29-07-2020,12:45,13:00,120
N01121T1,WE,29-07-2020,13:00,13:15,160
N01121T1,WE,29-07-2020,13:15,13:30,160
N01121T1,WE,29-07-2020,13:30,13:45,144
N01121T1,WE,29-07-2020,13:45,14:00,144
N01121T1,WE,29-07-2020,14:00,14:15,152
N01121T1,WE,29-07-2020,14:15,14:30,112
N01121T1,WE,29-07-2020,14:30,14:45,164
N01121T1,WE,29-07-2020,14:45,15:00,192
N01121T1,WE,29-07-2020,15:00,15:15,136
N01121T1,WE,29-07-2020,15:15,15:30,140
N01121T1,WE,29-07-2020,15:30,15:45,136
N01121T1,WE,29-07-2020,15:45,16:00,160
N01121T1,WE,29-07-2020,16:00,16:15,176
N01121T1,WE,29-07-2020,16:15,16:30,200
N01121T1,WE,29-07-2020,16:30,16:45,124
N01121T1,WE,29-07-2020,16:45,17:00,120
N01121T1,WE,29-07-2020,17:00,17:15,172
N01121T1,WE,29-07-2020,17:15,17:30,128
N01121T1,WE,29-07-2020,17:30,17:45,128
N01121T1,WE,29-07-2020,17:45,18:00,152
N01121T1,WE,29-07-2020,18:00,18:15,160
N01121T1,WE,29-07-2020,18:15,18:30,168
N01121T1,WE,29-07-2020,18:30,18:45,84
N01121T1,WE,29-07-2020,18:45,19:00,144
N01121T1,WE,29-07-2020,19:00,19:15,44
N01121T1,WE,29-07-2020,19:15,19:30,92
N01121T1,WE,29-07-2020,19:30,19:45,68
N01121T1,WE,29-07-2020,19:45,20:00,56
N01121T1,WE,29-07-2020,20:00,20:15,60
N01121T1,WE,29-07-2020,20:15,20:30,96
N01121T1,WE,29-07-2020,20:30,20:45,60
N01121T1,WE,29-07-2020,20:45,21:00,96
N01121T1,WE,29-07-2020,21:00,21:15,60
N01121T1,WE,29-07-2020,21:15,21:30,80
N01121T1,WE,29-07-2020,21:30,21:45,72
N01121T1,WE,29-07-2020,21:45,22:00,72
N01121T1,WE,29-07-2020,22:00,22:15,44
N01121T1,WE,29-07-2020,22:15,22:30,72
N01121T1,WE,29-07-2020,22:30,22:45,56
N01121T1,WE,29-07-2020,22:45,23:00,48
N01121T1,WE,29-07-2020,23:00,23:15,48
N01121T1,WE,29-07-2020,23:15,23:30,48
N01121T1,WE,29-07-2020,23:30,23:45,24
N01121T1,WE,29-07-2020,23:45,24:00,44
N01121T1,TH,30-07-2020,00:00,00:15,16
N01121T1,TH,30-07-2020,00:15,00:30,16
N01121T1,TH,30-07-2020,00:30,00:45,36
N01121T1,TH,30-07-2020,00:45,01:00,44
N01121T1,TH,30-07-2020,01:00,01:15,12
N01121T1,TH,30-07-2020,01:15,01:30,4
N01121T1,TH,30-07-2020,01:30,01:45,24
N01121T1,TH,30-07-2020,01:45,02:00,12
N01121T1,TH,30-07-2020,02:00,02:15,20
N01121T1,TH,30-07-2020,02:15,02:30,28
N01121T1,TH,30-07-2020,02:30,02:45,16
N01121T1,TH,30-07-2020,02:45,03:00,8
N01121T1,TH,30-07-2020,03:00,03:15,12
N01121T1,TH,30-07-2020,03:15,03:30,16
N01121T1,TH,30-07-2020,03:30,03:45,8
N01121T1,TH,30-07-2020,03:45,04:00,8
N01121T1,TH,30-07-2020,04:00,04:15,4
N01121T1,TH,30-07-2020,04:15,04:30,4
N01121T1,TH,30-07-2020,04:30,04:45,12
N01121T1,TH,30-07-2020,04:45,05:00,8
N01121T1,TH,30-07-2020,05:00,05:15,8
N01121T1,TH,30-07-2020,05:15,05:30,20
N01121T1,TH,30-07-2020,05:30,05:45,24
N01121T1,TH,30-07-2020,05:45,06:00,32
N01121T1,TH,30-07-2020,06:00,06:15,20
N01121T1,TH,30-07-2020,06:15,06:30,24
N01121T1,TH,30-07-2020,06:30,06:45,36
N01121T1,TH,30-07-2020,06:45,07:00,60
N01121T1,TH,30-07-2020,07:00,07:15,64
N01121T1,TH,30-07-2020,07:15,07:30,56
N01121T1,TH,30-07-2020,07:30,07:45,68
N01121T1,TH,30-07-2020,07:45,08:00,68
N01121T1,TH,30-07-2020,08:00,08:15,68
N01121T1,TH,30-07-2020,08:15,08:30,84
N01121T1,TH,30-07-2020,08:30,08:45,108
N01121T1,TH,30-07-2020,08:45,09:00,84
N01121T1,TH,30-07-2020,09:00,09:15,104
N01121T1,TH,30-07-2020,09:15,09:30,88
N01121T1,TH,30-07-2020,09:30,09:45,80
N01121T1,TH,30-07-2020,09:45,10:00,128
N01121T1,TH,30-07-2020,10:00,10:15,92
N01121T1,TH,30-07-2020,10:15,10:30,112
N01121T1,TH,30-07-2020,10:30,10:45,92
N01121T1,TH,30-07-2020,10:45,11:00,136
N01121T1,TH,30-07-2020,11:00,11:15,92
N01121T1,TH,30-07-2020,11:15,11:30,164
N01121T1,TH,30-07-2020,11:30,11:45,116
N01121T1,TH,30-07-2020,11:45,12:00,124
N01121T1,TH,30-07-2020,12:00,12:15,128
N01121T1,TH,30-07-2020,12:15,12:30,124
N01121T1,TH,30-07-2020,12:30,12:45,104
N01121T1,TH,30-07-2020,12:45,13:00,136
N01121T1,TH,30-07-2020,13:00,13:15,132
N01121T1,TH,30-07-2020,13:15,13:30,180
N01121T1,TH,30-07-2020,13:30,13:45,188
N01121T1,TH,30-07-2020,13:45,14:00,160
N01121T1,TH,30-07-2020,14:00,14:15,140
N01121T1,TH,30-07-2020,14:15,14:30,144
N01121T1,TH,30-07-2020,14:30,14:45,156
N01121T1,TH,30-07-2020,14:45,15:00,156
N01121T1,TH,30-07-2020,15:00,15:15,136
N01121T1,TH,30-07-2020,15:15,15:30,172
N01121T1,TH,30-07-2020,15:30,15:45,148
N01121T1,TH,30-07-2020,15:45,16:00,160
N01121T1,TH,30-07-2020,16:00,16:15,124
N01121T1,TH,30-07-2020,16:15,16:30,188
N01121T1,TH,30-07-2020,16:30,16:45,124
N01121T1,TH,30-07-2020,16:45,17:00,180
N01121T1,TH,30-07-2020,17:00,17:15,144
N01121T1,TH,30-07-2020,17:15,17:30,152
N01121T1,TH,30-07-2020,17:30,17:45,176
N01121T1,TH,30-07-2020,17:45,18:00,128
N01121T1,TH,30-07-2020,18:00,18:15,124
N01121T1,TH,30-07-2020,18:15,18:30,128
N01121T1,TH,30-07-2020,18:30,18:45,88
N01121T1,TH,30-07-2020,18:45,19:00,136
N01121T1,TH,30-07-2020,19:00,19:15,104
N01121T1,TH,30-07-2020,19:15,19:30,92
N01121T1,TH,30-07-2020,19:30,19:45,104
N01121T1,TH,30-07-2020,19:45,20:00,96
N01121T1,TH,30-07-2020,20:00,20:15,92
N01121T1,TH,30-07-2020,20:15,20:30,96
N01121T1,TH,30-07-2020,20:30,20:45,40
N01121T1,TH,30-07-2020,20:45,21:00,120
N01121T1,TH,30-07-2020,21:00,21:15,88
N01121T1,TH,30-07-2020,21:15,21:30,92
N01121T1,TH,30-07-2020,21:30,21:45,64
N01121T1,TH,30-07-2020,21:45,22:00,48
N01121T1,TH,30-07-2020,22:00,22:15,44
N01121T1,TH,30-07-2020,22:15,22:30,44
N01121T1,TH,30-07-2020,22:30,22:45,48
N01121T1,TH,30-07-2020,22:45,23:00,48
N01121T1,TH,30-07-2020,23:00,23:15,48
N01121T1,TH,30-07-2020,23:15,23:30,48
N01121T1,TH,30-07-2020,23:30,23:45,36
N01121T1,TH,30-07-2020,23:45,24:00,20
N01121T1,FR,31-07-2020,00:00,00:15,32
N01121T1,FR,31-07-2020,00:15,00:30,28
N01121T1,FR,31-07-2020,00:30,00:45,20
N01121T1,FR,31-07-2020,00:45,01:00,12
N01121T1,FR,31-07-2020,01:00,01:15,24
N01121T1,FR,31-07-2020,01:15,01:30,32
N01121T1,FR,31-07-2020,01:30,01:45,4
N01121T1,FR,31-07-2020,01:45,02:00,16
N01121T1,FR,31-07-2020,02:00,02:15,8
N01121T1,FR,31-07-2020,02:15,02:30,20
N01121T1,FR,31-07-2020,02:30,02:45,28
N01121T1,FR,31-07-2020,02:45,03:00,24
N01121T1,FR,31-07-2020,03:00,03:15,24
N01121T1,FR,31-07-2020,03:15,03:30,4
N01121T1,FR,31-07-2020,03:30,03:45,12
N01121T1,FR,31-07-2020,03:45,04:00,12
N01121T1,FR,31-07-2020,04:00,04:15,4
N01121T1,FR,31-07-2020,04:15,04:30,8
N01121T1,FR,31-07-2020,04:30,04:45,20
N01121T1,FR,31-07-2020,04:45,05:00,0
N01121T1,FR,31-07-2020,05:00,05:15,20
N01121T1,FR,31-07-2020,05:15,05:30,16
N01121T1,FR,31-07-2020,05:30,05:45,0
N01121T1,FR,31-07-2020,05:45,06:00,32
N01121T1,FR,31-07-2020,06:00,06:15,20
N01121T1,FR,31-07-2020,06:15,06:30,20
N01121T1,FR,31-07-2020,06:30,06:45,44
N01121T1,FR,31-07-2020,06:45,07:00,60
N01121T1,FR,31-07-2020,07:00,07:15,48
N01121T1,FR,31-07-2020,07:15,07:30,60
N01121T1,FR,31-07-2020,07:30,07:45,56
N01121T1,FR,31-07-2020,07:45,08:00,104
N01121T1,FR,31-07-2020,08:00,08:15,76
N01121T1,FR,31-07-2020,08:15,08:30,124
N01121T1,FR,31-07-2020,08:30,08:45,72
N01121T1,FR,31-07-2020,08:45,09:00,124
N01121T1,FR,31-07-2020,09:00,09:15,68
N01121T1,FR,31-07-2020,09:15,09:30,100
N01121T1,FR,31-07-2020,09:30,09:45,100
N01121T1,FR,31-07-2020,09:45,10:00,160
N01121T1,FR,31-07-2020,10:00,10:15,100
N01121T1,FR,31-07-2020,10:15,10:30,100
N01121T1,FR,31-07-2020,10:30,10:45,164
N01121T1,FR,31-07-2020,10:45,11:00,144
N01121T1,FR,31-07-2020,11:00,11:15,140
N01121T1,FR,31-07-2020,11:15,11:30,120
N01121T1,FR,31-07-2020,11:30,11:45,144
N01121T1,FR,31-07-2020,11:45,12:00,156
N01121T1,FR,31-07-2020,12:00,12:15,168
N01121T1,FR,31-07-2020,12:15,12:30,120
N01121T1,FR,31-07-2020,12:30,12:45,124
N01121T1,FR,31-07-2020,12:45,13:00,156
N01121T1,FR,31-07-2020,13:00,13:15,116
N01121T1,FR,31-07-2020,13:15,13:30,148
N01121T1,FR,31-07-2020,13:30,13:45,128
N01121T1,FR,31-07-2020,13:45,14:00,144
N01121T1,FR,31-07-2020,14:00,14:15,152
N01121T1,FR,31-07-2020,14:15,14:30,148
N01121T1,FR,31-07-2020,14:30,14:45,184
N01121T1,FR,31-07-2020,14:45,15:00,156
N01121T1,FR,31-07-2020,15:00,15:15,160
N01121T1,FR,31-07-2020,15:15,15:30,116
N01121T1,FR,31-07-2020,15:30,15:45,152
N01121T1,FR,31-07-2020,15:45,16:00,136
N01121T1,FR,31-07-2020,16:00,16:15,148
N01121T1,FR,31-07-2020,16:15,16:30,200
N01121T1,FR,31-07-2020,16:30,16:45,128
N01121T1,FR,31-07-2020,16:45,17:00,148
N01121T1,FR,31-07-2020,17:00,17:15,140
N01121T1,FR,31-07-2020,17:15,17:30,176
N01121T1,FR,31-07-2020,17:30,17:45,188
N01121T1,FR,31-07-2020,17:45,18:00,112
N01121T1,FR,31-07-2020,18:00,18:15,148
N01121T1,FR,31-07-2020,18:15,18:30,124
N01121T1,FR,31-07-2020,18:30,18:45,124
N01121T1,FR,31-07-2020,18:45,19:00,132
N01121T1,FR,31-07-2020,19:00,19:15,104
N01121T1,FR,31-07-2020,19:15,19:30,100
N01121T1,FR,31-07-2020,19:30,19:45,148
N01121T1,FR,31-07-2020,19:45,20:00,108
N01121T1,FR,31-07-2020,20:00,20:15,120
N01121T1,FR,31-07-2020,20:15,20:30,96
N01121T1,FR,31-07-2020,20:30,20:45,76
N01121T1,FR,31-07-2020,20:45,21:00,108
N01121T1,FR,31-07-2020,21:00,21:15,100
N01121T1,FR,31-07-2020,21:15,21:30,76
N01121T1,FR,31-07-2020,21:30,21:45,88
N01121T1,FR,31-07-2020,21:45,22:00,120
N01121T1,FR,31-07-2020,22:00,22:15,92
N01121T1,FR,31-07-2020,22:15,22:30,52
N01121T1,FR,31-07-2020,22:30,22:45,80
N01121T1,FR,31-07-2020,22:45,23:00,44
N01121T1,FR,31-07-2020,23:00,23:15,68
N01121T1,FR,31-07-2020,23:15,23:30,76
N01121T1,FR,31-07-2020,23:30,23:45,76
N01121T1,FR,31-07-2020,23:45,24:00,100
N01121T1,SA,01-08-2020,00:00,00:15,80
N01121T1,SA,01-08-2020,00:15,00:30,40
N01121T1,SA,01-08-2020,00:30,00:45,36
N01121T1,SA,01-08-2020,00:45,01:00,40
N01121T1,SA,01-08-2020,01:00,01:15,36
N01121T1,SA,01-08-2020,01:15,01:30,20
N01121T1,SA,01-08-2020,01:30,01:45,28
N01121T1,SA,01-08-2020,01:45,02:00,48
N01121T1,SA,01-08-2020,02:00,02:15,28
N01121T1,SA,01-08-2020,02:15,02:30,8
N01121T1,SA,01-08-2020,02:30,02:45,32
N01121T1,SA,01-08-2020,02:45,03:00,16
N01121T1,SA,01-08-2020,03:00,03:15,28
N01121T1,SA,01-08-2020,03:15,03:30,8
N01121T1,SA,01-08-2020,03:30,03:45,0
N01121T1,SA,01-08-2020,03:45,04:00,28
N01121T1,SA,01-08-2020,04:00,04:15,16
N01121T1,SA,01-08-2020,04:15,04:30,12
N01121T1,SA,01-08-2020,04:30,04:45,12
N01121T1,SA,01-08-2020,04:45,05:00,8
N01121T1,SA,01-08-2020,05:00,05:15,0
N01121T1,SA,01-08-2020,05:15,05:30,8
N01121T1,SA,01-08-2020,05:30,05:45,12
N01121T1,SA,01-08-2020,05:45,06:00,12
N01121T1,SA,01-08-2020,06:00,06:15,12
N01121T1,SA,01-08-2020,06:15,06:30,24
N01121T1,SA,01-08-2020,06:30,06:45,44
N01121T1,SA,01-08-2020,06:45,07:00,36
N01121T1,SA,01-08-2020,07:00,07:15,36
N01121T1,SA,01-08-2020,07:15,07:30,32
N01121T1,SA,01-08-2020,07:30,07:45,16
N01121T1,SA,01-08-2020,07:45,08:00,68
N01121T1,SA,01-08-2020,08:00,08:15,52
N01121T1,SA,01-08-2020,08:15,08:30,32
N01121T1,SA,01-08-2020,08:30,08:45,52
N01121T1,SA,01-08-2020,08:45,09:00,92
N01121T1,SA,01-08-2020,09:00,09:15,60
N01121T1,SA,01-08-2020,09:15,09:30,64
N01121T1,SA,01-08-2020,09:30,09:45,96
N01121T1,SA,01-08-2020,09:45,10:00,96
N01121T1,SA,01-08-2020,10:00,10:15,104
N01121T1,SA,01-08-2020,10:15,10:30,96
N01121T1,SA,01-08-2020,10:30,10:45,116
N01121T1,SA,01-08-2020,10:45,11:00,160
N01121T1,SA,01-08-2020,11:00,11:15,96
N01121T1,SA,01-08-2020,11:15,11:30,100
N01121T1,SA,01-08-2020,11:30,11:45,116
N01121T1,SA,01-08-2020,11:45,12:00,128
N01121T1,SA,01-08-2020,12:00,12:15,120
N01121T1,SA,01-08-2020,12:15,12:30,140
N01121T1,SA,01-08-2020,12:30,12:45,172
N01121T1,SA,01-08-2020,12:45,13:00,136
N01121T1,SA,01-08-2020,13:00,13:15,176
N01121T1,SA,01-08-2020,13:15,13:30,140
N01121T1,SA,01-08-2020,13:30,13:45,112
N01121T1,SA,01-08-2020,13:45,14:00,116
N01121T1,SA,01-08-2020,14:00,14:15,136
N01121T1,SA,01-08-2020,14:15,14:30,116
N01121T1,SA,01-08-2020,14:30,14:45,136
N01121T1,SA,01-08-2020,14:45,15:00,152
N01121T1,SA,01-08-2020,15:00,15:15,160
N01121T1,SA,01-08-2020,15:15,15:30,152
N01121T1,SA,01-08-2020,15:30,15:45,140
N01121T1,SA,01-08-2020,15:45,16:00,144
N01121T1,SA,01-08-2020,16:00,16:15,100
N01121T1,SA,01-08-2020,16:15,16:30,156
N01121T1,SA,01-08-2020,16:30,16:45,108
N01121T1,SA,01-08-2020,16:45,17:00,132
N01121T1,SA,01-08-2020,17:00,17:15,188
N01121T1,SA,01-08-2020,17:15,17:30,144
N01121T1,SA,01-08-2020,17:30,17:45,116
N01121T1,SA,01-08-2020,17:45,18:00,108
N01121T1,SA,01-08-2020,18:00,18:15,116
N01121T1,SA,01-08-2020,18:15,18:30,88
N01121T1,SA,01-08-2020,18:30,18:45,112
N01121T1,SA,01-08-2020,18:45,19:00,120
N01121T1,SA,01-08-2020,19:00,19:15,96
N01121T1,SA,01-08-2020,19:15,19:30,92
N01121T1,SA,01-08-2020,19:30,19:45,120
N01121T1,SA,01-08-2020,19:45,20:00,132
N01121T1,SA,01-08-2020,20:00,20:15,104
N01121T1,SA,01-08-2020,20:15,20:30,76
N01121T1,SA,01-08-2020,20:30,20:45,96
N01121T1,SA,01-08-2020,20:45,21:00,116
N01121T1,SA,01-08-2020,21:00,21:15,100
N01121T1,SA,01-08-2020,21:15,21:30,92
N01121T1,SA,01-08-2020,21:30,21:45,52
N01121T1,SA,01-08-2020,21:45,22:00,84
N01121T1,SA,01-08-2020,22:00,22:15,164
N01121T1,SA,01-08-2020,22:15,22:30,112
N01121T1,SA,01-08-2020,22:30,22:45,72
N01121T1,SA,01-08-2020,22:45,23:00,80
N01121T1,SA,01-08-2020,23:00,23:15,84
N01121T1,SA,01-08-2020,23:15,23:30,84
N01121T1,SA,01-08-2020,23:30,23:45,36
N01121T1,SA,01-08-2020,23:45,24:00,104
N01121T1,SU,02-08-2020,00:00,00:15,88
N01121T1,SU,02-08-2020,00:15,00:30,56
N01121T1,SU,02-08-2020,00:30,00:45,44
N01121T1,SU,02-08-2020,00:45,01:00,84
N01121T1,SU,02-08-2020,01:00,01:15,60
N01121T1,SU,02-08-2020,01:15,01:30,44
N01121T1,SU,02-08-2020,01:30,01:45,56
N01121T1,SU,02-08-2020,01:45,02:00,32
N01121T1,SU,02-08-2020,02:00,02:15,36
N01121T1,SU,02-08-2020,02:15,02:30,44
N01121T1,SU,02-08-2020,02:30,02:45,12
N01121T1,SU,02-08-2020,02:45,03:00,44
N01121T1,SU,02-08-2020,03:00,03:15,16
N01121T1,SU,02-08-2020,03:15,03:30,16
N01121T1,SU,02-08-2020,03:30,03:45,28
N01121T1,SU,02-08-2020,03:45,04:00,16
N01121T1,SU,02-08-2020,04:00,04:15,24
N01121T1,SU,02-08-2020,04:15,04:30,12
N01121T1,SU,02-08-2020,04:30,04:45,24
N01121T1,SU,02-08-2020,04:45,05:00,4
N01121T1,SU,02-08-2020,05:00,05:15,40
N01121T1,SU,02-08-2020,05:15,05:30,16
N01121T1,SU,02-08-2020,05:30,05:45,12
N01121T1,SU,02-08-2020,05:45,06:00,12
N01121T1,SU,02-08-2020,06:00,06:15,28
N01121T1,SU,02-08-2020,06:15,06:30,4
N01121T1,SU,02-08-2020,06:30,06:45,12
N01121T1,SU,02-08-2020,06:45,07:00,20
N01121T1,SU,02-08-2020,07:00,07:15,36
N01121T1,SU,02-08-2020,07:15,07:30,8
N01121T1,SU,02-08-2020,07:30,07:45,12
N01121T1,SU,02-08-2020,07:45,08:00,20
N01121T1,SU,02-08-2020,08:00,08:15,8
N01121T1,SU,02-08-2020,08:15,08:30,16
N01121T1,SU,02-08-2020,08:30,08:45,40
N01121T1,SU,02-08-2020,08:45,09:00,32
N01121T1,SU,02-08-2020,09:00,09:15,60
N01121T1,SU,02-08-2020,09:15,09:30,56
N01121T1,SU,02-08-2020,09:30,09:45,40
N01121T1,SU,02-08-2020,09:45,10:00,44
N01121T1,SU,02-08-2020,10:00,10:15,44
N01121T1,SU,02-08-2020,10:15,10:30,60
N01121T1,SU,02-08-2020,10:30,10:45,76
N01121T1,SU,02-08-2020,10:45,11:00,72
N01121T1,SU,02-08-2020,11:00,11:15,68
N01121T1,SU,02-08-2020,11:15,11:30,80
N01121T1,SU,02-08-2020,11:30,11:45,116
N01121T1,SU,02-08-2020,11:45,12:00,128
N01121T1,SU,02-08-2020,12:00,12:15,104
N01121T1,SU,02-08-2020,12:15,12:30,128
N01121T1,SU,02-08-2020,12:30,12:45,124
N01121T1,SU,02-08-2020,12:45,13:00,148
N01121T1,SU,02-08-2020,13:00,13:15,80
N01121T1,SU,02-08-2020,13:15,13:30,92
N01121T1,SU,02-08-2020,13:30,13:45,108
N01121T1,SU,02-08-2020,13:45,14:00,132
N01121T1,SU,02-08-2020,14:00,14:15,132
N01121T1,SU,02-08-2020,14:15,14:30,128
N01121T1,SU,02-08-2020,14:30,14:45,132
N01121T1,SU,02-08-2020,14:45,15:00,148
N01121T1,SU,02-08-2020,15:00,15:15,128
N01121T1,SU,02-08-2020,15:15,15:30,128
N01121T1,SU,02-08-2020,15:30,15:45,128
N01121T1,SU,02-08-2020,15:45,16:00,120
N01121T1,SU,02-08-2020,16:00,16:15,116
N01121T1,SU,02-08-2020,16:15,16:30,104
N01121T1,SU,02-08-2020,16:30,16:45,144
N01121T1,SU,02-08-2020,16:45,17:00,108
N01121T1,SU,02-08-2020,17:00,17:15,124
N01121T1,SU,02-08-2020,17:15,17:30,72
N01121T1,SU,02-08-2020,17:30,17:45,112
N01121T1,SU,02-08-2020,17:45,18:00,132
N01121T1,SU,02-08-2020,18:00,18:15,108
N01121T1,SU,02-08-2020,18:15,18:30,96
N01121T1,SU,02-08-2020,18:30,18:45,88
N01121T1,SU,02-08-2020,18:45,19:00,120
N01121T1,SU,02-08-2020,19:00,19:15,72
N01121T1,SU,02-08-2020,19:15,19:30,124
N01121T1,SU,02-08-2020,19:30,19:45,76
N01121T1,SU,02-08-2020,19:45,20:00,80
N01121T1,SU,02-08-2020,20:00,20:15,104
N01121T1,SU,02-08-2020,20:15,20:30,56
N01121T1,SU,02-08-2020,20:30,20:45,56
N01121T1,SU,02-08-2020,20:45,21:00,88
N01121T1,SU,02-08-2020,21:00,21:15,84
N01121T1,SU,02-08-2020,21:15,21:30,76
N01121T1,SU,02-08-2020,21:30,21:45,64
N01121T1,SU,02-08-2020,21:45,22:00,64
N01121T1,SU,02-08-2020,22:00,22:15,84
N01121T1,SU,02-08-2020,22:15,22:30,68
N01121T1,SU,02-08-2020,22:30,22:45,40
N01121T1,SU,02-08-2020,22:45,23:00,32
N01121T1,SU,02-08-2020,23:00,23:15,64
N01121T1,SU,02-08-2020,23:15,23:30,76
N01121T1,SU,02-08-2020,23:30,23:45,36
N01121T1,SU,02-08-2020,23:45,24:00,48
N01121T1,MO,03-08-2020,00:00,00:15,48
N01121T1,MO,03-08-2020,00:15,00:30,32
N01121T1,MO,03-08-2020,00:30,00:45,16
N01121T1,MO,03-08-2020,00:45,01:00,40
N01121T1,MO,03-08-2020,01:00,01:15,20
N01121T1,MO,03-08-2020,01:15,01:30,16
N01121T1,MO,03-08-2020,01:30,01:45,12
N01121T1,MO,03-08-2020,01:45,02:00,24
N01121T1,MO,03-08-2020,02:00,02:15,28
N01121T1,MO,03-08-2020,02:15,02:30,16
N01121T1,MO,03-08-2020,02:30,02:45,4
N01121T1,MO,03-08-2020,02:45,03:00,12
N01121T1,MO,03-08-2020,03:00,03:15,12
N01121T1,MO,03-08-2020,03:15,03:30,16
N01121T1,MO,03-08-2020,03:30,03:45,0
N01121T1,MO,03-08-2020,03:45,04:00,12
N01121T1,MO,03-08-2020,04:00,04:15,16
N01121T1,MO,03-08-2020,04:15,04:30,0
N01121T1,MO,03-08-2020,04:30,04:45,4
N01121T1,MO,03-08-2020,04:45,05:00,8
N01121T1,MO,03-08-2020,05:00,05:15,12
N01121T1,MO,03-08-2020,05:15,05:30,44
N01121T1,MO,03-08-2020,05:30,05:45,4
N01121T1,MO,03-08-2020,05:45,06:00,24
N01121T1,MO,03-08-2020,06:00,06:15,24
N01121T1,MO,03-08-2020,06:15,06:30,16
N01121T1,MO,03-08-2020,06:30,06:45,48
N01121T1,MO,03-08-2020,06:45,07:00,64
N01121T1,MO,03-08-2020,07:00,07:15,48
N01121T1,MO,03-08-2020,07:15,07:30,48
N01121T1,MO,03-08-2020,07:30,07:45,80
N01121T1,MO,03-08-2020,07:45,08:00,80
N01121T1,MO,03-08-2020,08:00,08:15,76
N01121T1,MO,03-08-2020,08:15,08:30,88
N01121T1,MO,03-08-2020,08:30,08:45,76
N01121T1,MO,03-08-2020,08:45,09:00,92
N01121T1,MO,03-08-2020,09:00,09:15,72
N01121T1,MO,03-08-2020,09:15,09:30,96
N01121T1,MO,03-08-2020,09:30,09:45,124
N01121T1,MO,03-08-2020,09:45,10:00,108
N01121T1,MO,03-08-2020,10:00,10:15,100
N01121T1,MO,03-08-2020,10:15,10:30,96
N01121T1,MO,03-08-2020,10:30,10:45,92
N01121T1,MO,03-08-2020,10:45,11:00,96
N01121T1,MO,03-08-2020,11:00,11:15,140
N01121T1,MO,03-08-2020,11:15,11:30,152
N01121T1,MO,03-08-2020,11:30,11:45,104
N01121T1,MO,03-08-2020,11:45,12:00,168
N01121T1,MO,03-08-2020,12:00,12:15,104
N01121T1,MO,03-08-2020,12:15,12:30,168
N01121T1,MO,03-08-2020,12:30,12:45,116
N01121T1,MO,03-08-2020,12:45,13:00,132
N01121T1,MO,03-08-2020,13:00,13:15,132
N01121T1,MO,03-08-2020,13:15,13:30,144
N01121T1,MO,03-08-2020,13:30,13:45,108
N01121T1,MO,03-08-2020,13:45,14:00,144
N01121T1,MO,03-08-2020,14:00,14:15,104
N01121T1,MO,03-08-2020,14:15,14:30,184
N01121T1,MO,03-08-2020,14:30,14:45,176
N01121T1,MO,03-08-2020,14:45,15:00,176
N01121T1,MO,03-08-2020,15:00,15:15,108
N01121T1,MO,03-08-2020,15:15,15:30,152
N01121T1,MO,03-08-2020,15:30,15:45,120
N01121T1,MO,03-08-2020,15:45,16:00,148
N01121T1,MO,03-08-2020,16:00,16:15,156
N01121T1,MO,03-08-2020,16:15,16:30,144
N01121T1,MO,03-08-2020,16:30,16:45,200
N01121T1,MO,03-08-2020,16:45,17:00,200
N01121T1,MO,03-08-2020,17:00,17:15,180
N01121T1,MO,03-08-2020,17:15,17:30,156
N01121T1,MO,03-08-2020,17:30,17:45,160
N01121T1,MO,03-08-2020,17:45,18:00,124
N01121T1,MO,03-08-2020,18:00,18:15,120
N01121T1,MO,03-08-2020,18:15,18:30,164
N01121T1,MO,03-08-2020,18:30,18:45,96
N01121T1,MO,03-08-2020,18:45,19:00,104
N01121T1,MO,03-08-2020,19:00,19:15,108
N01121T1,MO,03-08-2020,19:15,19:30,108
N01121T1,MO,03-08-2020,19:30,19:45,72
N01121T1,MO,03-08-2020,19:45,20:00,88
N01121T1,MO,03-08-2020,20:00,20:15,84
N01121T1,MO,03-08-2020,20:15,20:30,56
N01121T1,MO,03-08-2020,20:30,20:45,40
N01121T1,MO,03-08-2020,20:45,21:00,72
N01121T1,MO,03-08-2020,21:00,21:15,84
N01121T1,MO,03-08-2020,21:15,21:30,60
N01121T1,MO,03-08-2020,21:30,21:45,76
N01121T1,MO,03-08-2020,21:45,22:00,92
N01121T1,MO,03-08-2020,22:00,22:15,64
N01121T1,MO,03-08-2020,22:15,22:30,60
N01121T1,MO,03-08-2020,22:30,22:45,40
N01121T1,MO,03-08-2020,22:45,23:00,56
N01121T1,MO,03-08-2020,23:00,23:15,56
N01121T1,MO,03-08-2020,23:15,23:30,36
N01121T1,MO,03-08-2020,23:30,23:45,36
N01121T1,MO,03-08-2020,23:45,24:00,40
N01121T1,TU,04-08-2020,00:00,00:15,16
N01121T1,TU,04-08-2020,00:15,00:30,16
N01121T1,TU,04-08-2020,00:30,00:45,24
N01121T1,TU,04-08-2020,00:45,01:00,16
N01121T1,TU,04-08-2020,01:00,01:15,24
N01121T1,TU,04-08-2020,01:15,01:30,16
N01121T1,TU,04-08-2020,01:30,01:45,8
N01121T1,TU,04-08-2020,01:45,02:00,28
N01121T1,TU,04-08-2020,02:00,02:15,4
N01121T1,TU,04-08-2020,02:15,02:30,8
N01121T1,TU,04-08-2020,02:30,02:45,12
N01121T1,TU,04-08-2020,02:45,03:00,0
N01121T1,TU,04-08-2020,03:00,03:15,4
N01121T1,TU,04-08-2020,03:15,03:30,8
N01121T1,TU,04-08-2020,03:30,03:45,4
N01121T1,TU,04-08-2020,03:45,04:00,12
N01121T1,TU,04-08-2020,04:00,04:15,0
N01121T1,TU,04-08-2020,04:15,04:30,4
N01121T1,TU,04-08-2020,04:30,04:45,4
N01121T1,TU,04-08-2020,04:45,05:00,20
N01121T1,TU,04-08-2020,05:00,05:15,28
N01121T1,TU,04-08-2020,05:15,05:30,20
N01121T1,TU,04-08-2020,05:30,05:45,16
N01121T1,TU,04-08-2020,05:45,06:00,20
N01121T1,TU,04-08-2020,06:00,06:15,20
N01121T1,TU,04-08-2020,06:15,06:30,48
N01121T1,TU,04-08-2020,06:30,06:45,36
N01121T1,TU,04-08-2020,06:45,07:00,40
N01121T1,TU,04-08-2020,07:00,07:15,64
N01121T1,TU,04-08-2020,07:15,07:30,48
N01121T1,TU,04-08-2020,07:30,07:45,68
N01121T1,TU,04-08-2020,07:45,08:00,80
N01121T1,TU,04-08-2020,08:00,08:15,60
N01121T1,TU,04-08-2020,08:15,08:30,88
N01121T1,TU,04-08-2020,08:30,08:45,92
N01121T1,TU,04-08-2020,08:45,09:00,104
N01121T1,TU,04-08-2020,09:00,09:15,108
N01121T1,TU,04-08-2020,09:15,09:30,76
N01121T1,TU,04-08-2020,09:30,09:45,88
N01121T1,TU,04-08-2020,09:45,10:00,136
N01121T1,TU,04-08-2020,10:00,10:15,132
N01121T1,TU,04-08-2020,10:15,10:30,164
N01121T1,TU,04-08-2020,10:30,10:45,116
N01121T1,TU,04-08-2020,10:45,11:00,140
N01121T1,TU,04-08-2020,11:00,11:15,96
N01121T1,TU,04-08-2020,11:15,11:30,164
N01121T1,TU,04-08-2020,11:30,11:45,88
N01121T1,TU,04-08-2020,11:45,12:00,160
N01121T1,TU,04-08-2020,12:00,12:15,100
N01121T1,TU,04-08-2020,12:15,12:30,176
N01121T1,TU,04-08-2020,12:30,12:45,140
N01121T1,TU,04-08-2020,12:45,13:00,148
N01121T1,TU,04-08-2020,13:00,13:15,144
N01121T1,TU,04-08-2020,13:15,13:30,108
N01121T1,TU,04-08-2020,13:30,13:45,128
N01121T1,TU,04-08-2020,13:45,14:00,116
N01121T1,TU,04-08-2020,14:00,14:15,212
N01121T1,TU,04-08-2020,14:15,14:30,180
N01121T1,TU,04-08-2020,14:30,14:45,168
N01121T1,TU,04-08-2020,14:45,15:00,168
N01121T1,TU,04-08-2020,15:00,15:15,140
N01121T1,TU,04-08-2020,15:15,15:30,148
N01121T1,TU,04-08-2020,15:30,15:45,160
N01121T1,TU,04-08-2020,15:45,16:00,148
N01121T1,TU,04-08-2020,16:00,16:15,172
N01121T1,TU,04-08-2020,16:15,16:30,196
N01121T1,TU,04-08-2020,16:30,16:45,160
N01121T1,TU,04-08-2020,16:45,17:00,228
N01121T1,TU,04-08-2020,17:00,17:15,192
N01121T1,TU,04-08-2020,17:15,17:30,168
N01121T1,TU,04-08-2020,17:30,17:45,124
N01121T1,TU,04-08-2020,17:45,18:00,144
N01121T1,TU,04-08-2020,18:00,18:15,136
N01121T1,TU,04-08-2020,18:15,18:30,128
N01121T1,TU,04-08-2020,18:30,18:45,108
N01121T1,TU,04-08-2020,18:45,19:00,104
N01121T1,TU,04-08-2020,19:00,19:15,96
N01121T1,TU,04-08-2020,19:15,19:30,64
N01121T1,TU,04-08-2020,19:30,19:45,76
N01121T1,TU,04-08-2020,19:45,20:00,96
N01121T1,TU,04-08-2020,20:00,20:15,76
N01121T1,TU,04-08-2020,20:15,20:30,64
N01121T1,TU,04-08-2020,20:30,20:45,52
N01121T1,TU,04-08-2020,20:45,21:00,44
N01121T1,TU,04-08-2020,21:00,21:15,92
N01121T1,TU,04-08-2020,21:15,21:30,72
N01121T1,TU,04-08-2020,21:30,21:45,72
N01121T1,TU,04-08-2020,21:45,22:00,84
N01121T1,TU,04-08-2020,22:00,22:15,60
N01121T1,TU,04-08-2020,22:15,22:30,60
N01121T1,TU,04-08-2020,22:30,22:45,44
N01121T1,TU,04-08-2020,22:45,23:00,36
N01121T1,TU,04-08-2020,23:00,23:15,68
N01121T1,TU,04-08-2020,23:15,23:30,52
N01121T1,TU,04-08-2020,23:30,23:45,48
N01121T1,TU,04-08-2020,23:45,24:00,24
N01121T1,WE,05-08-2020,00:00,00:15,36
N01121T1,WE,05-08-2020,00:15,00:30,36
N01121T1,WE,05-08-2020,00:30,00:45,12
N01121T1,WE,05-08-2020,00:45,01:00,16
N01121T1,WE,05-08-2020,01:00,01:15,16
N01121T1,WE,05-08-2020,01:15,01:30,16
N01121T1,WE,05-08-2020,01:30,01:45,0
N01121T1,WE,05-08-2020,01:45,02:00,8
N01121T1,WE,05-08-2020,02:00,02:15,12
N01121T1,WE,05-08-2020,02:15,02:30,0
N01121T1,WE,05-08-2020,02:30,02:45,16
N01121T1,WE,05-08-2020,02:45,03:00,20
N01121T1,WE,05-08-2020,03:00,03:15,16
N01121T1,WE,05-08-2020,03:15,03:30,0
N01121T1,WE,05-08-2020,03:30,03:45,4
N01121T1,WE,05-08-2020,03:45,04:00,4
N01121T1,WE,05-08-2020,04:00,04:15,4
N01121T1,WE,05-08-2020,04:15,04:30,4
N01121T1,WE,05-08-2020,04:30,04:45,4
N01121T1,WE,05-08-2020,04:45,05:00,20
N01121T1,WE,05-08-2020,05:00,05:15,12
N01121T1,WE,05-08-2020,05:15,05:30,24
N01121T1,WE,05-08-2020,05:30,05:45,4
N01121T1,WE,05-08-2020,05:45,06:00,32
N01121T1,WE,05-08-2020,06:00,06:15,28
N01121T1,WE,05-08-2020,06:15,06:30,16
N01121T1,WE,05-08-2020,06:30,06:45,32
N01121T1,WE,05-08-2020,06:45,07:00,52
N01121T1,WE,05-08-2020,07:00,07:15,44
N01121T1,WE,05-08-2020,07:15,07:30,72
N01121T1,WE,05-08-2020,07:30,07:45,56
N01121T1,WE,05-08-2020,07:45,08:00,92
N01121T1,WE,05-08-2020,08:00,08:15,92
N01121T1,WE,05-08-2020,08:15,08:30,104
N01121T1,WE,05-08-2020,08:30,08:45,84
N01121T1,WE,05-08-2020,08:45,09:00,108
N01121T1,WE,05-08-2020,09:00,09:15,112
N01121T1,WE,05-08-2020,09:15,09:30,100
N01121T1,WE,05-08-2020,09:30,09:45,112
N01121T1,WE,05-08-2020,09:45,10:00,120
N01121T1,WE,05-08-2020,10:00,10:15,96
N01121T1,WE,05-08-2020,10:15,10:30,132
N01121T1,WE,05-08-2020,10:30,10:45,88
N01121T1,WE,05-08-2020,10:45,11:00,160
N01121T1,WE,05-08-2020,11:00,11:15,88
N01121T1,WE,05-08-2020,11:15,11:30,140
N01121T1,WE,05-08-2020,11:30,11:45,152
N01121T1,WE,05-08-2020,11:45,12:00,140
N01121T1,WE,05-08-2020,12:00,12:15,92
N01121T1,WE,05-08-2020,12:15,12:30,120
N01121T1,WE,05-08-2020,12:30,12:45,132
N01121T1,WE,05-08-2020,12:45,13:00,172
N01121T1,WE,05-08-2020,13:00,13:15,152
N01121T1,WE,05-08-2020,13:15,13:30,168
N01121T1,WE,05-08-2020,13:30,13:45,116
N01121T1,WE,05-08-2020,13:45,14:00,120
N01121T1,WE,05-08-2020,14:00,14:15,172
N01121T1,WE,05-08-2020,14:15,14:30,224
N01121T1,WE,05-08-2020,14:30,14:45,180
N01121T1,WE,05-08-2020,14:45,15:00,144
N01121T1,WE,05-08-2020,15:00,15:15,144
N01121T1,WE,05-08-2020,15:15,15:30,164
N01121T1,WE,05-08-2020,15:30,15:45,192
N01121T1,WE,05-08-2020,15:45,16:00,184
N01121T1,WE,05-08-2020,16:00,16:15,192
N01121T1,WE,05-08-2020,16:15,16:30,160
N01121T1,WE,05-08-2020,16:30,16:45,156
N01121T1,WE,05-08-2020,16:45,17:00,152
N01121T1,WE,05-08-2020,17:00,17:15,192
N01121T1,WE,05-08-2020,17:15,17:30,124
N01121T1,WE,05-08-2020,17:30,17:45,152
N01121T1,WE,05-08-2020,17:45,18:00,148
N01121T1,WE,05-08-2020,18:00,18:15,116
N01121T1,WE,05-08-2020,18:15,18:30,100
N01121T1,WE,05-08-2020,18:30,18:45,84
N01121T1,WE,05-08-2020,18:45,19:00,104
N01121T1,WE,05-08-2020,19:00,19:15,88
N01121T1,WE,05-08-2020,19:15,19:30,92
N01121T1,WE,05-08-2020,19:30,19:45,80
N01121T1,WE,05-08-2020,19:45,20:00,68
N01121T1,WE,05-08-2020,20:00,20:15,88
N01121T1,WE,05-08-2020,20:15,20:30,92
N01121T1,WE,05-08-2020,20:30,20:45,52
N01121T1,WE,05-08-2020,20:45,21:00,52
N01121T1,WE,05-08-2020,21:00,21:15,48
N01121T1,WE,05-08-2020,21:15,21:30,48
N01121T1,WE,05-08-2020,21:30,21:45,60
N01121T1,WE,05-08-2020,21:45,22:00,48
N01121T1,WE,05-08-2020,22:00,22:15,56
N01121T1,WE,05-08-2020,22:15,22:30,24
N01121T1,WE,05-08-2020,22:30,22:45,40
N01121T1,WE,05-08-2020,22:45,23:00,40
N01121T1,WE,05-08-2020,23:00,23:15,32
N01121T1,WE,05-08-2020,23:15,23:30,44
N01121T1,WE,05-08-2020,23:30,23:45,28
N01121T1,WE,05-08-2020,23:45,24:00,28
N01121T1,TH,06-08-2020,00:00,00:15,12
N01121T1,TH,06-08-2020,00:15,00:30,8
N01121T1,TH,06-08-2020,00:30,00:45,0
N01121T1,TH,06-08-2020,00:45,01:00,20
N01121T1,TH,06-08-2020,01:00,01:15,12
N01121T1,TH,06-08-2020,01:15,01:30,0
N01121T1,TH,06-08-2020,01:30,01:45,12
N01121T1,TH,06-08-2020,01:45,02:00,8
N01121T1,TH,06-08-2020,02:00,02:15,4
N01121T1,TH,06-08-2020,02:15,02:30,8
N01121T1,TH,06-08-2020,02:30,02:45,4
N01121T1,TH,06-08-2020,02:45,03:00,8
N01121T1,TH,06-08-2020,03:00,03:15,4
N01121T1,TH,06-08-2020,03:15,03:30,0
N01121T1,TH,06-08-2020,03:30,03:45,4
N01121T1,TH,06-08-2020,03:45,04:00,8
N01121T1,TH,06-08-2020,04:00,04:15,4
N01121T1,TH,06-08-2020,04:15,04:30,0
N01121T1,TH,06-08-2020,04:30,04:45,8
N01121T1,TH,06-08-2020,04:45,05:00,16
N01121T1,TH,06-08-2020,05:00,05:15,4
N01121T1,TH,06-08-2020,05:15,05:30,24
N01121T1,TH,06-08-2020,05:30,05:45,16
N01121T1,TH,06-08-2020,05:45,06:00,16
N01121T1,TH,06-08-2020,06:00,06:15,12
N01121T1,TH,06-08-2020,06:15,06:30,32
N01121T1,TH,06-08-2020,06:30,06:45,40
N01121T1,TH,06-08-2020,06:45,07:00,40
N01121T1,TH,06-08-2020,07:00,07:15,80
N01121T1,TH,06-08-2020,07:15,07:30,48
N01121T1,TH,06-08-2020,07:30,07:45,48
N01121T1,TH,06-08-2020,07:45,08:00,80
N01121T1,TH,06-08-2020,08:00,08:15,64
N01121T1,TH,06-08-2020,08:15,08:30,92
N01121T1,TH,06-08-2020,08:30,08:45,88
N01121T1,TH,06-08-2020,08:45,09:00,96
N01121T1,TH,06-08-2020,09:00,09:15,92
N01121T1,TH,06-08-2020,09:15,09:30,128
N01121T1,TH,06-08-2020,09:30,09:45,108
N01121T1,TH,06-08-2020,09:45,10:00,116
N01121T1,TH,06-08-2020,10:00,10:15,100
N01121T1,TH,06-08-2020,10:15,10:30,108
N01121T1,TH,06-08-2020,10:30,10:45,88
N01121T1,TH,06-08-2020,10:45,11:00,180
N01121T1,TH,06-08-2020,11:00,11:15,80
N01121T1,TH,06-08-2020,11:15,11:30,104
N01121T1,TH,06-08-2020,11:30,11:45,88
N01121T1,TH,06-08-2020,11:45,12:00,124
N01121T1,TH,06-08-2020,12:00,12:15,116
N01121T1,TH,06-08-2020,12:15,12:30,132
N01121T1,TH,06-08-2020,12:30,12:45,108
N01121T1,TH,06-08-2020,12:45,13:00,104
N01121T1,TH,06-08-2020,13:00,13:15,128
N01121T1,TH,06-08-2020,13:15,13:30,116
N01121T1,TH,06-08-2020,13:30,13:45,144
N01121T1,TH,06-08-2020,13:45,14:00,132
N01121T1,TH,06-08-2020,14:00,14:15,84
N01121T1,TH,06-08-2020,14:15,14:30,132
N01121T1,TH,06-08-2020,14:30,14:45,92
N01121T1,TH,06-08-2020,14:45,15:00,124
N01121T1,TH,06-08-2020,15:00,15:15,116
N01121T1,TH,06-08-2020,15:15,15:30,152
N01121T1,TH,06-08-2020,15:30,15:45,104
N01121T1,TH,06-08-2020,15:45,16:00,128
N01121T1,TH,06-08-2020,16:00,16:15,148
N01121T1,TH,06-08-2020,16:15,16:30,152
N01121T1,TH,06-08-2020,16:30,16:45,128
N01121T1,TH,06-08-2020,16:45,17:00,148
N01121T1,TH,06-08-2020,17:00,17:15,172
N01121T1,TH,06-08-2020,17:15,17:30,140
N01121T1,TH,06-08-2020,17:30,17:45,108
N01121T1,TH,06-08-2020,17:45,18:00,124
N01121T1,TH,06-08-2020,18:00,18:15,100
N01121T1,TH,06-08-2020,18:15,18:30,108
N01121T1,TH,06-08-2020,18:30,18:45,80
N01121T1,TH,06-08-2020,18:45,19:00,128
N01121T1,TH,06-08-2020,19:00,19:15,88
N01121T1,TH,06-08-2020,19:15,19:30,96
N01121T1,TH,06-08-2020,19:30,19:45,80
N01121T1,TH,06-08-2020,19:45,20:00,72
N01121T1,TH,06-08-2020,20:00,20:15,80
N01121T1,TH,06-08-2020,20:15,20:30,72
N01121T1,TH,06-08-2020,20:30,20:45,56
N01121T1,TH,06-08-2020,20:45,21:00,48
N01121T1,TH,06-08-2020,21:00,21:15,40
N01121T1,TH,06-08-2020,21:15,21:30,36
N01121T1,TH,06-08-2020,21:30,21:45,52
N01121T1,TH,06-08-2020,21:45,22:00,68
N01121T1,TH,06-08-2020,22:00,22:15,52
N01121T1,TH,06-08-2020,22:15,22:30,32
N01121T1,TH,06-08-2020,22:30,22:45,24
N01121T1,TH,06-08-2020,22:45,23:00,60
N01121T1,TH,06-08-2020,23:00,23:15,36
N01121T1,TH,06-08-2020,23:15,23:30,20
N01121T1,TH,06-08-2020,23:30,23:45,32
N01121T1,TH,06-08-2020,23:45,24:00,20
N01121T1,FR,07-08-2020,00:00,00:15,16
N01121T1,FR,07-08-2020,00:15,00:30,8
N01121T1,FR,07-08-2020,00:30,00:45,12
N01121T1,FR,07-08-2020,00:45,01:00,16
N01121T1,FR,07-08-2020,01:00,01:15,12
N01121T1,FR,07-08-2020,01:15,01:30,0
N01121T1,FR,07-08-2020,01:30,01:45,24
N01121T1,FR,07-08-2020,01:45,02:00,0
N01121T1,FR,07-08-2020,02:00,02:15,12
N01121T1,FR,07-08-2020,02:15,02:30,20
N01121T1,FR,07-08-2020,02:30,02:45,8
N01121T1,FR,07-08-2020,02:45,03:00,12
N01121T1,FR,07-08-2020,03:00,03:15,12
N01121T1,FR,07-08-2020,03:15,03:30,0
N01121T1,FR,07-08-2020,03:30,03:45,4
N01121T1,FR,07-08-2020,03:45,04:00,8
N01121T1,FR,07-08-2020,04:00,04:15,12
N01121T1,FR,07-08-2020,04:15,04:30,0
N01121T1,FR,07-08-2020,04:30,04:45,4
N01121T1,FR,07-08-2020,04:45,05:00,12
N01121T1,FR,07-08-2020,05:00,05:15,12
N01121T1,FR,07-08-2020,05:15,05:30,16
N01121T1,FR,07-08-2020,05:30,05:45,12
N01121T1,FR,07-08-2020,05:45,06:00,32
N01121T1,FR,07-08-2020,06:00,06:15,20
N01121T1,FR,07-08-2020,06:15,06:30,28
N01121T1,FR,07-08-2020,06:30,06:45,48
N01121T1,FR,07-08-2020,06:45,07:00,52
N01121T1,FR,07-08-2020,07:00,07:15,72
N01121T1,FR,07-08-2020,07:15,07:30,60
N01121T1,FR,07-08-2020,07:30,07:45,56
N01121T1,FR,07-08-2020,07:45,08:00,60
N01121T1,FR,07-08-2020,08:00,08:15,92
N01121T1,FR,07-08-2020,08:15,08:30,108
N01121T1,FR,07-08-2020,08:30,08:45,100
N01121T1,FR,07-08-2020,08:45,09:00,100
N01121T1,FR,07-08-2020,09:00,09:15,112
N01121T1,FR,07-08-2020,09:15,09:30,96
N01121T1,FR,07-08-2020,09:30,09:45,108
N01121T1,FR,07-08-2020,09:45,10:00,72
N01121T1,FR,07-08-2020,10:00,10:15,112
N01121T1,FR,07-08-2020,10:15,10:30,60
N01121T1,FR,07-08-2020,10:30,10:45,80
N01121T1,FR,07-08-2020,10:45,11:00,148
N01121T1,FR,07-08-2020,11:00,11:15,92
N01121T1,FR,07-08-2020,11:15,11:30,120
N01121T1,FR,07-08-2020,11:30,11:45,104
N01121T1,FR,07-08-2020,11:45,12:00,96
N01121T1,FR,07-08-2020,12:00,12:15,124
N01121T1,FR,07-08-2020,12:15,12:30,120
N01121T1,FR,07-08-2020,12:30,12:45,144
N01121T1,FR,07-08-2020,12:45,13:00,128
N01121T1,FR,07-08-2020,13:00,13:15,124
N01121T1,FR,07-08-2020,13:15,13:30,120
N01121T1,FR,07-08-2020,13:30,13:45,132
N01121T1,FR,07-08-2020,13:45,14:00,164
N01121T1,FR,07-08-2020,14:00,14:15,116
N01121T1,FR,07-08-2020,14:15,14:30,160
N01121T1,FR,07-08-2020,14:30,14:45,148
N01121T1,FR,07-08-2020,14:45,15:00,140
N01121T1,FR,07-08-2020,15:00,15:15,120
N01121T1,FR,07-08-2020,15:15,15:30,116
N01121T1,FR,07-08-2020,15:30,15:45,136
N01121T1,FR,07-08-2020,15:45,16:00,144
N01121T1,FR,07-08-2020,16:00,16:15,96
N01121T1,FR,07-08-2020,16:15,16:30,108
N01121T1,FR,07-08-2020,16:30,16:45,144
N01121T1,FR,07-08-2020,16:45,17:00,136
N01121T1,FR,07-08-2020,17:00,17:15,120
N01121T1,FR,07-08-2020,17:15,17:30,148
N01121T1,FR,07-08-2020,17:30,17:45,140
N01121T1,FR,07-08-2020,17:45,18:00,104
N01121T1,FR,07-08-2020,18:00,18:15,80
N01121T1,FR,07-08-2020,18:15,18:30,124
N01121T1,FR,07-08-2020,18:30,18:45,120
N01121T1,FR,07-08-2020,18:45,19:00,104
N01121T1,FR,07-08-2020,19:00,19:15,84
N01121T1,FR,07-08-2020,19:15,19:30,80
N01121T1,FR,07-08-2020,19:30,19:45,56
N01121T1,FR,07-08-2020,19:45,20:00,80
N01121T1,FR,07-08-2020,20:00,20:15,68
N01121T1,FR,07-08-2020,20:15,20:30,72
N01121T1,FR,07-08-2020,20:30,20:45,72
N01121T1,FR,07-08-2020,20:45,21:00,56
N01121T1,FR,07-08-2020,21:00,21:15,40
N01121T1,FR,07-08-2020,21:15,21:30,36
N01121T1,FR,07-08-2020,21:30,21:45,40
N01121T1,FR,07-08-2020,21:45,22:00,56
N01121T1,FR,07-08-2020,22:00,22:15,64
N01121T1,FR,07-08-2020,22:15,22:30,44
N01121T1,FR,07-08-2020,22:30,22:45,32
N01121T1,FR,07-08-2020,22:45,23:00,76
N01121T1,FR,07-08-2020,23:00,23:15,36
N01121T1,FR,07-08-2020,23:15,23:30,48
N01121T1,FR,07-08-2020,23:30,23:45,48
N01121T1,FR,07-08-2020,23:45,24:00,24
N01121T1,SA,08-08-2020,00:00,00:15,36
N01121T1,SA,08-08-2020,00:15,00:30,12
N01121T1,SA,08-08-2020,00:30,00:45,28
N01121T1,SA,08-08-2020,00:45,01:00,24
N01121T1,SA,08-08-2020,01:00,01:15,12
N01121T1,SA,08-08-2020,01:15,01:30,4
N01121T1,SA,08-08-2020,01:30,01:45,20
N01121T1,SA,08-08-2020,01:45,02:00,8
N01121T1,SA,08-08-2020,02:00,02:15,20
N01121T1,SA,08-08-2020,02:15,02:30,8
N01121T1,SA,08-08-2020,02:30,02:45,4
N01121T1,SA,08-08-2020,02:45,03:00,8
N01121T1,SA,08-08-2020,03:00,03:15,4
N01121T1,SA,08-08-2020,03:15,03:30,8
N01121T1,SA,08-08-2020,03:30,03:45,8
N01121T1,SA,08-08-2020,03:45,04:00,4
N01121T1,SA,08-08-2020,04:00,04:15,8
N01121T1,SA,08-08-2020,04:15,04:30,8
N01121T1,SA,08-08-2020,04:30,04:45,0
N01121T1,SA,08-08-2020,04:45,05:00,8
N01121T1,SA,08-08-2020,05:00,05:15,8
N01121T1,SA,08-08-2020,05:15,05:30,28
N01121T1,SA,08-08-2020,05:30,05:45,4
N01121T1,SA,08-08-2020,05:45,06:00,12
N01121T1,SA,08-08-2020,06:00,06:15,16
N01121T1,SA,08-08-2020,06:15,06:30,24
N01121T1,SA,08-08-2020,06:30,06:45,32
N01121T1,SA,08-08-2020,06:45,07:00,32
N01121T1,SA,08-08-2020,07:00,07:15,44
N01121T1,SA,08-08-2020,07:15,07:30,36
N01121T1,SA,08-08-2020,07:30,07:45,32
N01121T1,SA,08-08-2020,07:45,08:00,56
N01121T1,SA,08-08-2020,08:00,08:15,40
N01121T1,SA,08-08-2020,08:15,08:30,28
N01121T1,SA,08-08-2020,08:30,08:45,60
N01121T1,SA,08-08-2020,08:45,09:00,64
N01121T1,SA,08-08-2020,09:00,09:15,72
N01121T1,SA,08-08-2020,09:15,09:30,56
N01121T1,SA,08-08-2020,09:30,09:45,48
N01121T1,SA,08-08-2020,09:45,10:00,80
N01121T1,SA,08-08-2020,10:00,10:15,60
N01121T1,SA,08-08-2020,10:15,10:30,76
N01121T1,SA,08-08-2020,10:30,10:45,60
N01121T1,SA,08-08-2020,10:45,11:00,104
N01121T1,SA,08-08-2020,11:00,11:15,80
N01121T1,SA,08-08-2020,11:15,11:30,84
N01121T1,SA,08-08-2020,11:30,11:45,84
N01121T1,SA,08-08-2020,11:45,12:00,96
N01121T1,SA,08-08-2020,12:00,12:15,104
N01121T1,SA,08-08-2020,12:15,12:30,88
N01121T1,SA,08-08-2020,12:30,12:45,112
N01121T1,SA,08-08-2020,12:45,13:00,120
N01121T1,SA,08-08-2020,13:00,13:15,84
N01121T1,SA,08-08-2020,13:15,13:30,132
N01121T1,SA,08-08-2020,13:30,13:45,100
N01121T1,SA,08-08-2020,13:45,14:00,160
N01121T1,SA,08-08-2020,14:00,14:15,104
N01121T1,SA,08-08-2020,14:15,14:30,104
N01121T1,SA,08-08-2020,14:30,14:45,84
N01121T1,SA,08-08-2020,14:45,15:00,104
N01121T1,SA,08-08-2020,15:00,15:15,108
N01121T1,SA,08-08-2020,15:15,15:30,88
N01121T1,SA,08-08-2020,15:30,15:45,124
N01121T1,SA,08-08-2020,15:45,16:00,112
N01121T1,SA,08-08-2020,16:00,16:15,100
N01121T1,SA,08-08-2020,16:15,16:30,120
N01121T1,SA,08-08-2020,16:30,16:45,84
N01121T1,SA,08-08-2020,16:45,17:00,128
N01121T1,SA,08-08-2020,17:00,17:15,140
N01121T1,SA,08-08-2020,17:15,17:30,76
N01121T1,SA,08-08-2020,17:30,17:45,84
N01121T1,SA,08-08-2020,17:45,18:00,104
N01121T1,SA,08-08-2020,18:00,18:15,80
N01121T1,SA,08-08-2020,18:15,18:30,80
N01121T1,SA,08-08-2020,18:30,18:45,72
N01121T1,SA,08-08-2020,18:45,19:00,64
N01121T1,SA,08-08-2020,19:00,19:15,96
N01121T1,SA,08-08-2020,19:15,19:30,76
N01121T1,SA,08-08-2020,19:30,19:45,76
N01121T1,SA,08-08-2020,19:45,20:00,72
N01121T1,SA,08-08-2020,20:00,20:15,60
N01121T1,SA,08-08-2020,20:15,20:30,64
N01121T1,SA,08-08-2020,20:30,20:45,48
N01121T1,SA,08-08-2020,20:45,21:00,72
N01121T1,SA,08-08-2020,21:00,21:15,84
N01121T1,SA,08-08-2020,21:15,21:30,48
N01121T1,SA,08-08-2020,21:30,21:45,56
N01121T1,SA,08-08-2020,21:45,22:00,60
N01121T1,SA,08-08-2020,22:00,22:15,40
N01121T1,SA,08-08-2020,22:15,22:30,44
N01121T1,SA,08-08-2020,22:30,22:45,32
N01121T1,SA,08-08-2020,22:45,23:00,40
N01121T1,SA,08-08-2020,23:00,23:15,40
N01121T1,SA,08-08-2020,23:15,23:30,56
N01121T1,SA,08-08-2020,23:30,23:45,48
N01121T1,SA,08-08-2020,23:45,24:00,20
N01121T1,SU,09-08-2020,00:00,00:15,28
N01121T1,SU,09-08-2020,00:15,00:30,16
N01121T1,SU,09-08-2020,00:30,00:45,16
N01121T1,SU,09-08-2020,00:45,01:00,12
N01121T1,SU,09-08-2020,01:00,01:15,8
N01121T1,SU,09-08-2020,01:15,01:30,4
N01121T1,SU,09-08-2020,01:30,01:45,16
N01121T1,SU,09-08-2020,01:45,02:00,16
N01121T1,SU,09-08-2020,02:00,02:15,16
N01121T1,SU,09-08-2020,02:15,02:30,8
N01121T1,SU,09-08-2020,02:30,02:45,8
N01121T1,SU,09-08-2020,02:45,03:00,8
N01121T1,SU,09-08-2020,03:00,03:15,12
N01121T1,SU,09-08-2020,03:15,03:30,4
N01121T1,SU,09-08-2020,03:30,03:45,8
N01121T1,SU,09-08-2020,03:45,04:00,20
N01121T1,SU,09-08-2020,04:00,04:15,8
N01121T1,SU,09-08-2020,04:15,04:30,8
N01121T1,SU,09-08-2020,04:30,04:45,8
N01121T1,SU,09-08-2020,04:45,05:00,12
N01121T1,SU,09-08-2020,05:00,05:15,8
N01121T1,SU,09-08-2020,05:15,05:30,16
N01121T1,SU,09-08-2020,05:30,05:45,12
N01121T1,SU,09-08-2020,05:45,06:00,8
N01121T1,SU,09-08-2020,06:00,06:15,24
N01121T1,SU,09-08-2020,06:15,06:30,28
N01121T1,SU,09-08-2020,06:30,06:45,16
N01121T1,SU,09-08-2020,06:45,07:00,12
N01121T1,SU,09-08-2020,07:00,07:15,16
N01121T1,SU,09-08-2020,07:15,07:30,32
N01121T1,SU,09-08-2020,07:30,07:45,20
N01121T1,SU,09-08-2020,07:45,08:00,4
N01121T1,SU,09-08-2020,08:00,08:15,16
N01121T1,SU,09-08-2020,08:15,08:30,16
N01121T1,SU,09-08-2020,08:30,08:45,28
N01121T1,SU,09-08-2020,08:45,09:00,44
N01121T1,SU,09-08-2020,09:00,09:15,32
N01121T1,SU,09-08-2020,09:15,09:30,16
N01121T1,SU,09-08-2020,09:30,09:45,48
N01121T1,SU,09-08-2020,09:45,10:00,68
N01121T1,SU,09-08-2020,10:00,10:15,44
N01121T1,SU,09-08-2020,10:15,10:30,40
N01121T1,SU,09-08-2020,10:30,10:45,72
N01121T1,SU,09-08-2020,10:45,11:00,64
N01121T1,SU,09-08-2020,11:00,11:15,72
N01121T1,SU,09-08-2020,11:15,11:30,52
N01121T1,SU,09-08-2020,11:30,11:45,60
N01121T1,SU,09-08-2020,11:45,12:00,68
N01121T1,SU,09-08-2020,12:00,12:15,92
N01121T1,SU,09-08-2020,12:15,12:30,100
N01121T1,SU,09-08-2020,12:30,12:45,84
N01121T1,SU,09-08-2020,12:45,13:00,100
N01121T1,SU,09-08-2020,13:00,13:15,84
N01121T1,SU,09-08-2020,13:15,13:30,96
N01121T1,SU,09-08-2020,13:30,13:45,88
N01121T1,SU,09-08-2020,13:45,14:00,104
N01121T1,SU,09-08-2020,14:00,14:15,84
N01121T1,SU,09-08-2020,14:15,14:30,120
N01121T1,SU,09-08-2020,14:30,14:45,72
N01121T1,SU,09-08-2020,14:45,15:00,84
N01121T1,SU,09-08-2020,15:00,15:15,76
N01121T1,SU,09-08-2020,15:15,15:30,112
N01121T1,SU,09-08-2020,15:30,15:45,96
N01121T1,SU,09-08-2020,15:45,16:00,92
N01121T1,SU,09-08-2020,16:00,16:15,96
N01121T1,SU,09-08-2020,16:15,16:30,60
N01121T1,SU,09-08-2020,16:30,16:45,116
N01121T1,SU,09-08-2020,16:45,17:00,72
N01121T1,SU,09-08-2020,17:00,17:15,132
N01121T1,SU,09-08-2020,17:15,17:30,80
N01121T1,SU,09-08-2020,17:30,17:45,68
N01121T1,SU,09-08-2020,17:45,18:00,80
N01121T1,SU,09-08-2020,18:00,18:15,92
N01121T1,SU,09-08-2020,18:15,18:30,76
N01121T1,SU,09-08-2020,18:30,18:45,72
N01121T1,SU,09-08-2020,18:45,19:00,52
N01121T1,SU,09-08-2020,19:00,19:15,88
N01121T1,SU,09-08-2020,19:15,19:30,64
N01121T1,SU,09-08-2020,19:30,19:45,72
N01121T1,SU,09-08-2020,19:45,20:00,88
N01121T1,SU,09-08-2020,20:00,20:15,84
N01121T1,SU,09-08-2020,20:15,20:30,104
N01121T1,SU,09-08-2020,20:30,20:45,28
N01121T1,SU,09-08-2020,20:45,21:00,68
N01121T1,SU,09-08-2020,21:00,21:15,36
N01121T1,SU,09-08-2020,21:15,21:30,56
N01121T1,SU,09-08-2020,21:30,21:45,48
N01121T1,SU,09-08-2020,21:45,22:00,20
N01121T1,SU,09-08-2020,22:00,22:15,40
N01121T1,SU,09-08-2020,22:15,22:30,36
N01121T1,SU,09-08-2020,22:30,22:45,44
N01121T1,SU,09-08-2020,22:45,23:00,28
N01121T1,SU,09-08-2020,23:00,23:15,44
N01121T1,SU,09-08-2020,23:15,23:30,32
N01121T1,SU,09-08-2020,23:30,23:45,32
N01121T1,SU,09-08-2020,23:45,24:00,8
N01121T1,MO,10-08-2020,00:00,00:15,8
N01121T1,MO,10-08-2020,00:15,00:30,4
N01121T1,MO,10-08-2020,00:30,00:45,36
N01121T1,MO,10-08-2020,00:45,01:00,16
N01121T1,MO,10-08-2020,01:00,01:15,8
N01121T1,MO,10-08-2020,01:15,01:30,16
N01121T1,MO,10-08-2020,01:30,01:45,12
N01121T1,MO,10-08-2020,01:45,02:00,16
N01121T1,MO,10-08-2020,02:00,02:15,12
N01121T1,MO,10-08-2020,02:15,02:30,0
N01121T1,MO,10-08-2020,02:30,02:45,4
N01121T1,MO,10-08-2020,02:45,03:00,4
N01121T1,MO,10-08-2020,03:00,03:15,16
N01121T1,MO,10-08-2020,03:15,03:30,8
N01121T1,MO,10-08-2020,03:30,03:45,0
N01121T1,MO,10-08-2020,03:45,04:00,8
N01121T1,MO,10-08-2020,04:00,04:15,4
N01121T1,MO,10-08-2020,04:15,04:30,0
N01121T1,MO,10-08-2020,04:30,04:45,16
N01121T1,MO,10-08-2020,04:45,05:00,8
N01121T1,MO,10-08-2020,05:00,05:15,4
N01121T1,MO,10-08-2020,05:15,05:30,28
N01121T1,MO,10-08-2020,05:30,05:45,4
N01121T1,MO,10-08-2020,05:45,06:00,24
N01121T1,MO,10-08-2020,06:00,06:15,32
N01121T1,MO,10-08-2020,06:15,06:30,12
N01121T1,MO,10-08-2020,06:30,06:45,40
N01121T1,MO,10-08-2020,06:45,07:00,32
N01121T1,MO,10-08-2020,07:00,07:15,56
N01121T1,MO,10-08-2020,07:15,07:30,52
N01121T1,MO,10-08-2020,07:30,07:45,60
N01121T1,MO,10-08-2020,07:45,08:00,92
N01121T1,MO,10-08-2020,08:00,08:15,100
N01121T1,MO,10-08-2020,08:15,08:30,100
N01121T1,MO,10-08-2020,08:30,08:45,80
N01121T1,MO,10-08-2020,08:45,09:00,84
N01121T1,MO,10-08-2020,09:00,09:15,76
N01121T1,MO,10-08-2020,09:15,09:30,92
N01121T1,MO,10-08-2020,09:30,09:45,96
N01121T1,MO,10-08-2020,09:45,10:00,92
N01121T1,MO,10-08-2020,10:00,10:15,92
N01121T1,MO,10-08-2020,10:15,10:30,116
N01121T1,MO,10-08-2020,10:30,10:45,80
N01121T1,MO,10-08-2020,10:45,11:00,84
N01121T1,MO,10-08-2020,11:00,11:15,88
N01121T1,MO,10-08-2020,11:15,11:30,148
N01121T1,MO,10-08-2020,11:30,11:45,108
N01121T1,MO,10-08-2020,11:45,12:00,128
N01121T1,MO,10-08-2020,12:00,12:15,136
N01121T1,MO,10-08-2020,12:15,12:30,116
N01121T1,MO,10-08-2020,12:30,12:45,108
N01121T1,MO,10-08-2020,12:45,13:00,136
N01121T1,MO,10-08-2020,13:00,13:15,124
N01121T1,MO,10-08-2020,13:15,13:30,108
N01121T1,MO,10-08-2020,13:30,13:45,104
N01121T1,MO,10-08-2020,13:45,14:00,148
N01121T1,MO,10-08-2020,14:00,14:15,108
N01121T1,MO,10-08-2020,14:15,14:30,104
N01121T1,MO,10-08-2020,14:30,14:45,100
N01121T1,MO,10-08-2020,14:45,15:00,152
N01121T1,MO,10-08-2020,15:00,15:15,140
N01121T1,MO,10-08-2020,15:15,15:30,140
N01121T1,MO,10-08-2020,15:30,15:45,164
N01121T1,MO,10-08-2020,15:45,16:00,128
N01121T1,MO,10-08-2020,16:00,16:15,160
N01121T1,MO,10-08-2020,16:15,16:30,156
N01121T1,MO,10-08-2020,16:30,16:45,148
N01121T1,MO,10-08-2020,16:45,17:00,152
N01121T1,MO,10-08-2020,17:00,17:15,184
N01121T1,MO,10-08-2020,17:15,17:30,176
N01121T1,MO,10-08-2020,17:30,17:45,144
N01121T1,MO,10-08-2020,17:45,18:00,112
N01121T1,MO,10-08-2020,18:00,18:15,84
N01121T1,MO,10-08-2020,18:15,18:30,124
N01121T1,MO,10-08-2020,18:30,18:45,116
N01121T1,MO,10-08-2020,18:45,19:00,76
N01121T1,MO,10-08-2020,19:00,19:15,80
N01121T1,MO,10-08-2020,19:15,19:30,68
N01121T1,MO,10-08-2020,19:30,19:45,72
N01121T1,MO,10-08-2020,19:45,20:00,48
N01121T1,MO,10-08-2020,20:00,20:15,92
N01121T1,MO,10-08-2020,20:15,20:30,84
N01121T1,MO,10-08-2020,20:30,20:45,56
N01121T1,MO,10-08-2020,20:45,21:00,56
N01121T1,MO,10-08-2020,21:00,21:15,64
N01121T1,MO,10-08-2020,21:15,21:30,36
N01121T1,MO,10-08-2020,21:30,21:45,48
N01121T1,MO,10-08-2020,21:45,22:00,44
N01121T1,MO,10-08-2020,22:00,22:15,40
N01121T1,MO,10-08-2020,22:15,22:30,36
N01121T1,MO,10-08-2020,22:30,22:45,12
N01121T1,MO,10-08-2020,22:45,23:00,44
N01121T1,MO,10-08-2020,23:00,23:15,24
N01121T1,MO,10-08-2020,23:15,23:30,32
N01121T1,MO,10-08-2020,23:30,23:45,32
N01121T1,MO,10-08-2020,23:45,24:00,32
N01121T1,TU,11-08-2020,00:00,00:15,20
N01121T1,TU,11-08-2020,00:15,00:30,24
N01121T1,TU,11-08-2020,00:30,00:45,16
N01121T1,TU,11-08-2020,00:45,01:00,12
N01121T1,TU,11-08-2020,01:00,01:15,16
N01121T1,TU,11-08-2020,01:15,01:30,4
N01121T1,TU,11-08-2020,01:30,01:45,4
N01121T1,TU,11-08-2020,01:45,02:00,4
N01121T1,TU,11-08-2020,02:00,02:15,20
N01121T1,TU,11-08-2020,02:15,02:30,0
N01121T1,TU,11-08-2020,02:30,02:45,0
N01121T1,TU,11-08-2020,02:45,03:00,0
N01121T1,TU,11-08-2020,03:00,03:15,8
N01121T1,TU,11-08-2020,03:15,03:30,0
N01121T1,TU,11-08-2020,03:30,03:45,0
N01121T1,TU,11-08-2020,03:45,04:00,0
N01121T1,TU,11-08-2020,04:00,04:15,0
N01121T1,TU,11-08-2020,04:15,04:30,8
N01121T1,TU,11-08-2020,04:30,04:45,12
N01121T1,TU,11-08-2020,04:45,05:00,8
N01121T1,TU,11-08-2020,05:00,05:15,8
N01121T1,TU,11-08-2020,05:15,05:30,20
N01121T1,TU,11-08-2020,05:30,05:45,16
N01121T1,TU,11-08-2020,05:45,06:00,16
N01121T1,TU,11-08-2020,06:00,06:15,24
N01121T1,TU,11-08-2020,06:15,06:30,20
N01121T1,TU,11-08-2020,06:30,06:45,36
N01121T1,TU,11-08-2020,06:45,07:00,36
N01121T1,TU,11-08-2020,07:00,07:15,68
N01121T1,TU,11-08-2020,07:15,07:30,52
N01121T1,TU,11-08-2020,07:30,07:45,76
N01121T1,TU,11-08-2020,07:45,08:00,76
N01121T1,TU,11-08-2020,08:00,08:15,84
N01121T1,TU,11-08-2020,08:15,08:30,96
N01121T1,TU,11-08-2020,08:30,08:45,92
N01121T1,TU,11-08-2020,08:45,09:00,132
N01121T1,TU,11-08-2020,09:00,09:15,92
N01121T1,TU,11-08-2020,09:15,09:30,84
N01121T1,TU,11-08-2020,09:30,09:45,92
N01121T1,TU,11-08-2020,09:45,10:00,112
N01121T1,TU,11-08-2020,10:00,10:15,88
N01121T1,TU,11-08-2020,10:15,10:30,88
N01121T1,TU,11-08-2020,10:30,10:45,104
N01121T1,TU,11-08-2020,10:45,11:00,124
N01121T1,TU,11-08-2020,11:00,11:15,108
N01121T1,TU,11-08-2020,11:15,11:30,104
N01121T1,TU,11-08-2020,11:30,11:45,136
N01121T1,TU,11-08-2020,11:45,12:00,104
N01121T1,TU,11-08-2020,12:00,12:15,100
N01121T1,TU,11-08-2020,12:15,12:30,104
N01121T1,TU,11-08-2020,12:30,12:45,64
N01121T1,TU,11-08-2020,12:45,13:00,136
N01121T1,TU,11-08-2020,13:00,13:15,112
N01121T1,TU,11-08-2020,13:15,13:30,112
N01121T1,TU,11-08-2020,13:30,13:45,80
N01121T1,TU,11-08-2020,13:45,14:00,108
N01121T1,TU,11-08-2020,14:00,14:15,148
N01121T1,TU,11-08-2020,14:15,14:30,136
N01121T1,TU,11-08-2020,14:30,14:45,128
N01121T1,TU,11-08-2020,14:45,15:00,140
N01121T1,TU,11-08-2020,15:00,15:15,112
N01121T1,TU,11-08-2020,15:15,15:30,144
N01121T1,TU,11-08-2020,15:30,15:45,212
N01121T1,TU,11-08-2020,15:45,16:00,164
N01121T1,TU,11-08-2020,16:00,16:15,104
N01121T1,TU,11-08-2020,16:15,16:30,204
N01121T1,TU,11-08-2020,16:30,16:45,108
N01121T1,TU,11-08-2020,16:45,17:00,164
N01121T1,TU,11-08-2020,17:00,17:15,160
N01121T1,TU,11-08-2020,17:15,17:30,136
N01121T1,TU,11-08-2020,17:30,17:45,132
N01121T1,TU,11-08-2020,17:45,18:00,112
N01121T1,TU,11-08-2020,18:00,18:15,100
N01121T1,TU,11-08-2020,18:15,18:30,112
N01121T1,TU,11-08-2020,18:30,18:45,80
N01121T1,TU,11-08-2020,18:45,19:00,72
N01121T1,TU,11-08-2020,19:00,19:15,104
N01121T1,TU,11-08-2020,19:15,19:30,76
N01121T1,TU,11-08-2020,19:30,19:45,68
N01121T1,TU,11-08-2020,19:45,20:00,76
N01121T1,TU,11-08-2020,20:00,20:15,52
N01121T1,TU,11-08-2020,20:15,20:30,36
N01121T1,TU,11-08-2020,20:30,20:45,44
N01121T1,TU,11-08-2020,20:45,21:00,48
N01121T1,TU,11-08-2020,21:00,21:15,56
N01121T1,TU,11-08-2020,21:15,21:30,28
N01121T1,TU,11-08-2020,21:30,21:45,36
N01121T1,TU,11-08-2020,21:45,22:00,44
N01121T1,TU,11-08-2020,22:00,22:15,32
N01121T1,TU,11-08-2020,22:15,22:30,28
N01121T1,TU,11-08-2020,22:30,22:45,8
N01121T1,TU,11-08-2020,22:45,23:00,48
N01121T1,TU,11-08-2020,23:00,23:15,44
N01121T1,TU,11-08-2020,23:15,23:30,44
N01121T1,TU,11-08-2020,23:30,23:45,44
N01121T1,TU,11-08-2020,23:45,24:00,12
N01121T1,WE,12-08-2020,00:00,00:15,20
N01121T1,WE,12-08-2020,00:15,00:30,12
N01121T1,WE,12-08-2020,00:30,00:45,12
N01121T1,WE,12-08-2020,00:45,01:00,20
N01121T1,WE,12-08-2020,01:00,01:15,4
N01121T1,WE,12-08-2020,01:15,01:30,8
N01121T1,WE,12-08-2020,01:30,01:45,4
N01121T1,WE,12-08-2020,01:45,02:00,8
N01121T1,WE,12-08-2020,02:00,02:15,8
N01121T1,WE,12-08-2020,02:15,02:30,4
N01121T1,WE,12-08-2020,02:30,02:45,0
N01121T1,WE,12-08-2020,02:45,03:00,4
N01121T1,WE,12-08-2020,03:00,03:15,4
N01121T1,WE,12-08-2020,03:15,03:30,4
N01121T1,WE,12-08-2020,03:30,03:45,0
N01121T1,WE,12-08-2020,03:45,04:00,4
N01121T1,WE,12-08-2020,04:00,04:15,4
N01121T1,WE,12-08-2020,04:15,04:30,0
N01121T1,WE,12-08-2020,04:30,04:45,4
N01121T1,WE,12-08-2020,04:45,05:00,28
N01121T1,WE,12-08-2020,05:00,05:15,0
N01121T1,WE,12-08-2020,05:15,05:30,16
N01121T1,WE,12-08-2020,05:30,05:45,16
N01121T1,WE,12-08-2020,05:45,06:00,20
N01121T1,WE,12-08-2020,06:00,06:15,28
N01121T1,WE,12-08-2020,06:15,06:30,20
N01121T1,WE,12-08-2020,06:30,06:45,48
N01121T1,WE,12-08-2020,06:45,07:00,40
N01121T1,WE,12-08-2020,07:00,07:15,52
N01121T1,WE,12-08-2020,07:15,07:30,112
N01121T1,WE,12-08-2020,07:30,07:45,96
N01121T1,WE,12-08-2020,07:45,08:00,96
N01121T1,WE,12-08-2020,08:00,08:15,272
N01121T1,WE,12-08-2020,08:15,08:30,164
N01121T1,WE,12-08-2020,08:30,08:45,192
N01121T1,WE,12-08-2020,08:45,09:00,252
N01121T1,WE,12-08-2020,09:00,09:15,284
N01121T1,WE,12-08-2020,09:15,09:30,208
N01121T1,WE,12-08-2020,09:30,09:45,164
N01121T1,WE,12-08-2020,09:45,10:00,232
N01121T1,WE,12-08-2020,10:00,10:15,180
N01121T1,WE,12-08-2020,10:15,10:30,172
N01121T1,WE,12-08-2020,10:30,10:45,176
N01121T1,WE,12-08-2020,10:45,11:00,216
N01121T1,WE,12-08-2020,11:00,11:15,296
N01121T1,WE,12-08-2020,11:15,11:30,360
N01121T1,WE,12-08-2020,11:30,11:45,432
N01121T1,WE,12-08-2020,11:45,12:00,324
N01121T1,WE,12-08-2020,12:00,12:15,368
N01121T1,WE,12-08-2020,12:15,12:30,332
N01121T1,WE,12-08-2020,12:30,12:45,204
N01121T1,WE,12-08-2020,12:45,13:00,104
N01121T1,WE,12-08-2020,13:00,13:15,104
N01121T1,WE,12-08-2020,13:15,13:30,108
N01121T1,WE,12-08-2020,13:30,13:45,180
N01121T1,WE,12-08-2020,13:45,14:00,160
N01121T1,WE,12-08-2020,14:00,14:15,120
N01121T1,WE,12-08-2020,14:15,14:30,124
N01121T1,WE,12-08-2020,14:30,14:45,120
N01121T1,WE,12-08-2020,14:45,15:00,96
N01121T1,WE,12-08-2020,15:00,15:15,152
N01121T1,WE,12-08-2020,15:15,15:30,132
N01121T1,WE,12-08-2020,15:30,15:45,144
N01121T1,WE,12-08-2020,15:45,16:00,124
N01121T1,WE,12-08-2020,16:00,16:15,164
N01121T1,WE,12-08-2020,16:15,16:30,120
N01121T1,WE,12-08-2020,16:30,16:45,136
N01121T1,WE,12-08-2020,16:45,17:00,116
N01121T1,WE,12-08-2020,17:00,17:15,136
N01121T1,WE,12-08-2020,17:15,17:30,164
N01121T1,WE,12-08-2020,17:30,17:45,148
N01121T1,WE,12-08-2020,17:45,18:00,96
N01121T1,WE,12-08-2020,18:00,18:15,104
N01121T1,WE,12-08-2020,18:15,18:30,96
N01121T1,WE,12-08-2020,18:30,18:45,124
N01121T1,WE,12-08-2020,18:45,19:00,96
N01121T1,WE,12-08-2020,19:00,19:15,84
N01121T1,WE,12-08-2020,19:15,19:30,68
N01121T1,WE,12-08-2020,19:30,19:45,72
N01121T1,WE,12-08-2020,19:45,20:00,48
N01121T1,WE,12-08-2020,20:00,20:15,104
N01121T1,WE,12-08-2020,20:15,20:30,56
N01121T1,WE,12-08-2020,20:30,20:45,88
N01121T1,WE,12-08-2020,20:45,21:00,52
N01121T1,WE,12-08-2020,21:00,21:15,48
N01121T1,WE,12-08-2020,21:15,21:30,28
N01121T1,WE,12-08-2020,21:30,21:45,68
N01121T1,WE,12-08-2020,21:45,22:00,40
N01121T1,WE,12-08-2020,22:00,22:15,76
N01121T1,WE,12-08-2020,22:15,22:30,60
N01121T1,WE,12-08-2020,22:30,22:45,24
N01121T1,WE,12-08-2020,22:45,23:00,60
N01121T1,WE,12-08-2020,23:00,23:15,68
N01121T1,WE,12-08-2020,23:15,23:30,24
N01121T1,WE,12-08-2020,23:30,23:45,16
N01121T1,WE,12-08-2020,23:45,24:00,36
N01121T1,TH,13-08-2020,00:00,00:15,24
N01121T1,TH,13-08-2020,00:15,00:30,16
N01121T1,TH,13-08-2020,00:30,00:45,16
N01121T1,TH,13-08-2020,00:45,01:00,16
N01121T1,TH,13-08-2020,01:00,01:15,24
N01121T1,TH,13-08-2020,01:15,01:30,8
N01121T1,TH,13-08-2020,01:30,01:45,4
N01121T1,TH,13-08-2020,01:45,02:00,8
N01121T1,TH,13-08-2020,02:00,02:15,8
N01121T1,TH,13-08-2020,02:15,02:30,0
N01121T1,TH,13-08-2020,02:30,02:45,4
N01121T1,TH,13-08-2020,02:45,03:00,16
N01121T1,TH,13-08-2020,03:00,03:15,16
N01121T1,TH,13-08-2020,03:15,03:30,0
N01121T1,TH,13-08-2020,03:30,03:45,4
N01121T1,TH,13-08-2020,03:45,04:00,0
N01121T1,TH,13-08-2020,04:00,04:15,8
N01121T1,TH,13-08-2020,04:15,04:30,4
N01121T1,TH,13-08-2020,04:30,04:45,8
N01121T1,TH,13-08-2020,04:45,05:00,8
N01121T1,TH,13-08-2020,05:00,05:15,4
N01121T1,TH,13-08-2020,05:15,05:30,24
N01121T1,TH,13-08-2020,05:30,05:45,28
N01121T1,TH,13-08-2020,05:45,06:00,32
N01121T1,TH,13-08-2020,06:00,06:15,28
N01121T1,TH,13-08-2020,06:15,06:30,32
N01121T1,TH,13-08-2020,06:30,06:45,36
N01121T1,TH,13-08-2020,06:45,07:00,68
N01121T1,TH,13-08-2020,07:00,07:15,68
N01121T1,TH,13-08-2020,07:15,07:30,72
N01121T1,TH,13-08-2020,07:30,07:45,72
N01121T1,TH,13-08-2020,07:45,08:00,72
N01121T1,TH,13-08-2020,08:00,08:15,100
N01121T1,TH,13-08-2020,08:15,08:30,80
N01121T1,TH,13-08-2020,08:30,08:45,72
N01121T1,TH,13-08-2020,08:45,09:00,124
N01121T1,TH,13-08-2020,09:00,09:15,120
N01121T1,TH,13-08-2020,09:15,09:30,124
N01121T1,TH,13-08-2020,09:30,09:45,80
N01121T1,TH,13-08-2020,09:45,10:00,128
N01121T1,TH,13-08-2020,10:00,10:15,92
N01121T1,TH,13-08-2020,10:15,10:30,88
N01121T1,TH,13-08-2020,10:30,10:45,124
N01121T1,TH,13-08-2020,10:45,11:00,108
N01121T1,TH,13-08-2020,11:00,11:15,124
N01121T1,TH,13-08-2020,11:15,11:30,168
N01121T1,TH,13-08-2020,11:30,11:45,112
N01121T1,TH,13-08-2020,11:45,12:00,116
N01121T1,TH,13-08-2020,12:00,12:15,100
N01121T1,TH,13-08-2020,12:15,12:30,140
N01121T1,TH,13-08-2020,12:30,12:45,148
N01121T1,TH,13-08-2020,12:45,13:00,124
N01121T1,TH,13-08-2020,13:00,13:15,116
N01121T1,TH,13-08-2020,13:15,13:30,128
N01121T1,TH,13-08-2020,13:30,13:45,96
N01121T1,TH,13-08-2020,13:45,14:00,160
N01121T1,TH,13-08-2020,14:00,14:15,68
N01121T1,TH,13-08-2020,14:15,14:30,140
N01121T1,TH,13-08-2020,14:30,14:45,148
N01121T1,TH,13-08-2020,14:45,15:00,120
N01121T1,TH,13-08-2020,15:00,15:15,120
N01121T1,TH,13-08-2020,15:15,15:30,140
N01121T1,TH,13-08-2020,15:30,15:45,168
N01121T1,TH,13-08-2020,15:45,16:00,104
N01121T1,TH,13-08-2020,16:00,16:15,152
N01121T1,TH,13-08-2020,16:15,16:30,140
N01121T1,TH,13-08-2020,16:30,16:45,124
N01121T1,TH,13-08-2020,16:45,17:00,156
N01121T1,TH,13-08-2020,17:00,17:15,160
N01121T1,TH,13-08-2020,17:15,17:30,128
N01121T1,TH,13-08-2020,17:30,17:45,124
N01121T1,TH,13-08-2020,17:45,18:00,156
N01121T1,TH,13-08-2020,18:00,18:15,64
N01121T1,TH,13-08-2020,18:15,18:30,112
N01121T1,TH,13-08-2020,18:30,18:45,96
N01121T1,TH,13-08-2020,18:45,19:00,112
N01121T1,TH,13-08-2020,19:00,19:15,128
N01121T1,TH,13-08-2020,19:15,19:30,80
N01121T1,TH,13-08-2020,19:30,19:45,88
N01121T1,TH,13-08-2020,19:45,20:00,92
N01121T1,TH,13-08-2020,20:00,20:15,52
N01121T1,TH,13-08-2020,20:15,20:30,52
N01121T1,TH,13-08-2020,20:30,20:45,76
N01121T1,TH,13-08-2020,20:45,21:00,68
N01121T1,TH,13-08-2020,21:00,21:15,32
N01121T1,TH,13-08-2020,21:15,21:30,40
N01121T1,TH,13-08-2020,21:30,21:45,56
N01121T1,TH,13-08-2020,21:45,22:00,40
N01121T1,TH,13-08-2020,22:00,22:15,64
N01121T1,TH,13-08-2020,22:15,22:30,40
N01121T1,TH,13-08-2020,22:30,22:45,28
N01121T1,TH,13-08-2020,22:45,23:00,72
N01121T1,TH,13-08-2020,23:00,23:15,24
N01121T1,TH,13-08-2020,23:15,23:30,44
N01121T1,TH,13-08-2020,23:30,23:45,24
N01121T1,TH,13-08-2020,23:45,24:00,20
N01121T1,FR,14-08-2020,00:00,00:15,28
N01121T1,FR,14-08-2020,00:15,00:30,20
N01121T1,FR,14-08-2020,00:30,00:45,16
N01121T1,FR,14-08-2020,00:45,01:00,20
N01121T1,FR,14-08-2020,01:00,01:15,8
N01121T1,FR,14-08-2020,01:15,01:30,12
N01121T1,FR,14-08-2020,01:30,01:45,0
N01121T1,FR,14-08-2020,01:45,02:00,8
N01121T1,FR,14-08-2020,02:00,02:15,16
N01121T1,FR,14-08-2020,02:15,02:30,12
N01121T1,FR,14-08-2020,02:30,02:45,12
N01121T1,FR,14-08-2020,02:45,03:00,0
N01121T1,FR,14-08-2020,03:00,03:15,4
N01121T1,FR,14-08-2020,03:15,03:30,0
N01121T1,FR,14-08-2020,03:30,03:45,0
N01121T1,FR,14-08-2020,03:45,04:00,8
N01121T1,FR,14-08-2020,04:00,04:15,4
N01121T1,FR,14-08-2020,04:15,04:30,0
N01121T1,FR,14-08-2020,04:30,04:45,8
N01121T1,FR,14-08-2020,04:45,05:00,20
N01121T1,FR,14-08-2020,05:00,05:15,12
N01121T1,FR,14-08-2020,05:15,05:30,28
N01121T1,FR,14-08-2020,05:30,05:45,44
N01121T1,FR,14-08-2020,05:45,06:00,20
N01121T1,FR,14-08-2020,06:00,06:15,32
N01121T1,FR,14-08-2020,06:15,06:30,16
N01121T1,FR,14-08-2020,06:30,06:45,56
N01121T1,FR,14-08-2020,06:45,07:00,40
N01121T1,FR,14-08-2020,07:00,07:15,96
N01121T1,FR,14-08-2020,07:15,07:30,40
N01121T1,FR,14-08-2020,07:30,07:45,60
N01121T1,FR,14-08-2020,07:45,08:00,76
N01121T1,FR,14-08-2020,08:00,08:15,52
N01121T1,FR,14-08-2020,08:15,08:30,76
N01121T1,FR,14-08-2020,08:30,08:45,84
N01121T1,FR,14-08-2020,08:45,09:00,84
N01121T1,FR,14-08-2020,09:00,09:15,104
N01121T1,FR,14-08-2020,09:15,09:30,104
N01121T1,FR,14-08-2020,09:30,09:45,88
N01121T1,FR,14-08-2020,09:45,10:00,104
N01121T1,FR,14-08-2020,10:00,10:15,100
N01121T1,FR,14-08-2020,10:15,10:30,112
N01121T1,FR,14-08-2020,10:30,10:45,96
N01121T1,FR,14-08-2020,10:45,11:00,120
N01121T1,FR,14-08-2020,11:00,11:15,128
N01121T1,FR,14-08-2020,11:15,11:30,92
N01121T1,FR,14-08-2020,11:30,11:45,96
N01121T1,FR,14-08-2020,11:45,12:00,136
N01121T1,FR,14-08-2020,12:00,12:15,120
N01121T1,FR,14-08-2020,12:15,12:30,128
N01121T1,FR,14-08-2020,12:30,12:45,96
N01121T1,FR,14-08-2020,12:45,13:00,168
N01121T1,FR,14-08-2020,13:00,13:15,124
N01121T1,FR,14-08-2020,13:15,13:30,136
N01121T1,FR,14-08-2020,13:30,13:45,132
N01121T1,FR,14-08-2020,13:45,14:00,168
N01121T1,FR,14-08-2020,14:00,14:15,100
N01121T1,FR,14-08-2020,14:15,14:30,180
N01121T1,FR,14-08-2020,14:30,14:45,84
N01121T1,FR,14-08-2020,14:45,15:00,172
N01121T1,FR,14-08-2020,15:00,15:15,116
N01121T1,FR,14-08-2020,15:15,15:30,144
N01121T1,FR,14-08-2020,15:30,15:45,100
N01121T1,FR,14-08-2020,15:45,16:00,164
N01121T1,FR,14-08-2020,16:00,16:15,160
N01121T1,FR,14-08-2020,16:15,16:30,136
N01121T1,FR,14-08-2020,16:30,16:45,136
N01121T1,FR,14-08-2020,16:45,17:00,140
N01121T1,FR,14-08-2020,17:00,17:15,148
N01121T1,FR,14-08-2020,17:15,17:30,200
N01121T1,FR,14-08-2020,17:30,17:45,108
N01121T1,FR,14-08-2020,17:45,18:00,120
N01121T1,FR,14-08-2020,18:00,18:15,76
N01121T1,FR,14-08-2020,18:15,18:30,92
N01121T1,FR,14-08-2020,18:30,18:45,72
N01121T1,FR,14-08-2020,18:45,19:00,100
N01121T1,FR,14-08-2020,19:00,19:15,84
N01121T1,FR,14-08-2020,19:15,19:30,92
N01121T1,FR,14-08-2020,19:30,19:45,56
N01121T1,FR,14-08-2020,19:45,20:00,52
N01121T1,FR,14-08-2020,20:00,20:15,52
N01121T1,FR,14-08-2020,20:15,20:30,48
N01121T1,FR,14-08-2020,20:30,20:45,40
N01121T1,FR,14-08-2020,20:45,21:00,52
N01121T1,FR,14-08-2020,21:00,21:15,60
N01121T1,FR,14-08-2020,21:15,21:30,52
N01121T1,FR,14-08-2020,21:30,21:45,48
N01121T1,FR,14-08-2020,21:45,22:00,104
N01121T1,FR,14-08-2020,22:00,22:15,56
N01121T1,FR,14-08-2020,22:15,22:30,28
N01121T1,FR,14-08-2020,22:30,22:45,56
N01121T1,FR,14-08-2020,22:45,23:00,44
N01121T1,FR,14-08-2020,23:00,23:15,68
N01121T1,FR,14-08-2020,23:15,23:30,36
N01121T1,FR,14-08-2020,23:30,23:45,32
N01121T1,FR,14-08-2020,23:45,24:00,24
N01121T1,SA,15-08-2020,00:00,00:15,16
N01121T1,SA,15-08-2020,00:15,00:30,8
N01121T1,SA,15-08-2020,00:30,00:45,28
N01121T1,SA,15-08-2020,00:45,01:00,28
N01121T1,SA,15-08-2020,01:00,01:15,28
N01121T1,SA,15-08-2020,01:15,01:30,8
N01121T1,SA,15-08-2020,01:30,01:45,16
N01121T1,SA,15-08-2020,01:45,02:00,12
N01121T1,SA,15-08-2020,02:00,02:15,12
N01121T1,SA,15-08-2020,02:15,02:30,12
N01121T1,SA,15-08-2020,02:30,02:45,4
N01121T1,SA,15-08-2020,02:45,03:00,16
N01121T1,SA,15-08-2020,03:00,03:15,12
N01121T1,SA,15-08-2020,03:15,03:30,12
N01121T1,SA,15-08-2020,03:30,03:45,20
N01121T1,SA,15-08-2020,03:45,04:00,4
N01121T1,SA,15-08-2020,04:00,04:15,4
N01121T1,SA,15-08-2020,04:15,04:30,12
N01121T1,SA,15-08-2020,04:30,04:45,0
N01121T1,SA,15-08-2020,04:45,05:00,4
N01121T1,SA,15-08-2020,05:00,05:15,0
N01121T1,SA,15-08-2020,05:15,05:30,8
N01121T1,SA,15-08-2020,05:30,05:45,4
N01121T1,SA,15-08-2020,05:45,06:00,8
N01121T1,SA,15-08-2020,06:00,06:15,12
N01121T1,SA,15-08-2020,06:15,06:30,32
N01121T1,SA,15-08-2020,06:30,06:45,40
N01121T1,SA,15-08-2020,06:45,07:00,28
N01121T1,SA,15-08-2020,07:00,07:15,56
N01121T1,SA,15-08-2020,07:15,07:30,16
N01121T1,SA,15-08-2020,07:30,07:45,40
N01121T1,SA,15-08-2020,07:45,08:00,20
N01121T1,SA,15-08-2020,08:00,08:15,32
N01121T1,SA,15-08-2020,08:15,08:30,52
N01121T1,SA,15-08-2020,08:30,08:45,48
N01121T1,SA,15-08-2020,08:45,09:00,48
N01121T1,SA,15-08-2020,09:00,09:15,36
N01121T1,SA,15-08-2020,09:15,09:30,68
N01121T1,SA,15-08-2020,09:30,09:45,72
N01121T1,SA,15-08-2020,09:45,10:00,64
N01121T1,SA,15-08-2020,10:00,10:15,84
N01121T1,SA,15-08-2020,10:15,10:30,100
N01121T1,SA,15-08-2020,10:30,10:45,112
N01121T1,SA,15-08-2020,10:45,11:00,84
N01121T1,SA,15-08-2020,11:00,11:15,84
N01121T1,SA,15-08-2020,11:15,11:30,80
N01121T1,SA,15-08-2020,11:30,11:45,104
N01121T1,SA,15-08-2020,11:45,12:00,120
N01121T1,SA,15-08-2020,12:00,12:15,100
N01121T1,SA,15-08-2020,12:15,12:30,148
N01121T1,SA,15-08-2020,12:30,12:45,92
N01121T1,SA,15-08-2020,12:45,13:00,128
N01121T1,SA,15-08-2020,13:00,13:15,132
N01121T1,SA,15-08-2020,13:15,13:30,116
N01121T1,SA,15-08-2020,13:30,13:45,116
N01121T1,SA,15-08-2020,13:45,14:00,132
N01121T1,SA,15-08-2020,14:00,14:15,132
N01121T1,SA,15-08-2020,14:15,14:30,136
N01121T1,SA,15-08-2020,14:30,14:45,140
N01121T1,SA,15-08-2020,14:45,15:00,152
N01121T1,SA,15-08-2020,15:00,15:15,108
N01121T1,SA,15-08-2020,15:15,15:30,140
N01121T1,SA,15-08-2020,15:30,15:45,116
N01121T1,SA,15-08-2020,15:45,16:00,120
N01121T1,SA,15-08-2020,16:00,16:15,124
N01121T1,SA,15-08-2020,16:15,16:30,116
N01121T1,SA,15-08-2020,16:30,16:45,112
N01121T1,SA,15-08-2020,16:45,17:00,152
N01121T1,SA,15-08-2020,17:00,17:15,176
N01121T1,SA,15-08-2020,17:15,17:30,72
N01121T1,SA,15-08-2020,17:30,17:45,120
N01121T1,SA,15-08-2020,17:45,18:00,108
N01121T1,SA,15-08-2020,18:00,18:15,92
N01121T1,SA,15-08-2020,18:15,18:30,108
N01121T1,SA,15-08-2020,18:30,18:45,84
N01121T1,SA,15-08-2020,18:45,19:00,80
N01121T1,SA,15-08-2020,19:00,19:15,88
N01121T1,SA,15-08-2020,19:15,19:30,32
N01121T1,SA,15-08-2020,19:30,19:45,48
N01121T1,SA,15-08-2020,19:45,20:00,56
N01121T1,SA,15-08-2020,20:00,20:15,52
N01121T1,SA,15-08-2020,20:15,20:30,84
N01121T1,SA,15-08-2020,20:30,20:45,44
N01121T1,SA,15-08-2020,20:45,21:00,52
N01121T1,SA,15-08-2020,21:00,21:15,96
N01121T1,SA,15-08-2020,21:15,21:30,84
N01121T1,SA,15-08-2020,21:30,21:45,44
N01121T1,SA,15-08-2020,21:45,22:00,48
N01121T1,SA,15-08-2020,22:00,22:15,40
N01121T1,SA,15-08-2020,22:15,22:30,72
N01121T1,SA,15-08-2020,22:30,22:45,36
N01121T1,SA,15-08-2020,22:45,23:00,52
N01121T1,SA,15-08-2020,23:00,23:15,60
N01121T1,SA,15-08-2020,23:15,23:30,28
N01121T1,SA,15-08-2020,23:30,23:45,24
N01121T1,SA,15-08-2020,23:45,24:00,16
N01121T1,SU,16-08-2020,00:00,00:15,24
N01121T1,SU,16-08-2020,00:15,00:30,12
N01121T1,SU,16-08-2020,00:30,00:45,24
N01121T1,SU,16-08-2020,00:45,01:00,16
N01121T1,SU,16-08-2020,01:00,01:15,32
N01121T1,SU,16-08-2020,01:15,01:30,12
N01121T1,SU,16-08-2020,01:30,01:45,8
N01121T1,SU,16-08-2020,01:45,02:00,0
N01121T1,SU,16-08-2020,02:00,02:15,16
N01121T1,SU,16-08-2020,02:15,02:30,16
N01121T1,SU,16-08-2020,02:30,02:45,12
N01121T1,SU,16-08-2020,02:45,03:00,16
N01121T1,SU,16-08-2020,03:00,03:15,0
N01121T1,SU,16-08-2020,03:15,03:30,0
N01121T1,SU,16-08-2020,03:30,03:45,0
N01121T1,SU,16-08-2020,03:45,04:00,12
N01121T1,SU,16-08-2020,04:00,04:15,8
N01121T1,SU,16-08-2020,04:15,04:30,0
N01121T1,SU,16-08-2020,04:30,04:45,4
N01121T1,SU,16-08-2020,04:45,05:00,12
N01121T1,SU,16-08-2020,05:00,05:15,4
N01121T1,SU,16-08-2020,05:15,05:30,0
N01121T1,SU,16-08-2020,05:30,05:45,4
N01121T1,SU,16-08-2020,05:45,06:00,8
N01121T1,SU,16-08-2020,06:00,06:15,12
N01121T1,SU,16-08-2020,06:15,06:30,16
N01121T1,SU,16-08-2020,06:30,06:45,36
N01121T1,SU,16-08-2020,06:45,07:00,16
N01121T1,SU,16-08-2020,07:00,07:15,12
N01121T1,SU,16-08-2020,07:15,07:30,4
N01121T1,SU,16-08-2020,07:30,07:45,4
N01121T1,SU,16-08-2020,07:45,08:00,16
N01121T1,SU,16-08-2020,08:00,08:15,12
N01121T1,SU,16-08-2020,08:15,08:30,12
N01121T1,SU,16-08-2020,08:30,08:45,16
N01121T1,SU,16-08-2020,08:45,09:00,40
N01121T1,SU,16-08-2020,09:00,09:15,32
N01121T1,SU,16-08-2020,09:15,09:30,32
N01121T1,SU,16-08-2020,09:30,09:45,52
N01121T1,SU,16-08-2020,09:45,10:00,48
N01121T1,SU,16-08-2020,10:00,10:15,44
N01121T1,SU,16-08-2020,10:15,10:30,60
N01121T1,SU,16-08-2020,10:30,10:45,68
N01121T1,SU,16-08-2020,10:45,11:00,52
N01121T1,SU,16-08-2020,11:00,11:15,76
N01121T1,SU,16-08-2020,11:15,11:30,56
N01121T1,SU,16-08-2020,11:30,11:45,56
N01121T1,SU,16-08-2020,11:45,12:00,76
N01121T1,SU,16-08-2020,12:00,12:15,72
N01121T1,SU,16-08-2020,12:15,12:30,96
N01121T1,SU,16-08-2020,12:30,12:45,52
N01121T1,SU,16-08-2020,12:45,13:00,92
N01121T1,SU,16-08-2020,13:00,13:15,104
N01121T1,SU,16-08-2020,13:15,13:30,104
N01121T1,SU,16-08-2020,13:30,13:45,108
N01121T1,SU,16-08-2020,13:45,14:00,76
N01121T1,SU,16-08-2020,14:00,14:15,124
N01121T1,SU,16-08-2020,14:15,14:30,116
N01121T1,SU,16-08-2020,14:30,14:45,112
N01121T1,SU,16-08-2020,14:45,15:00,116
N01121T1,SU,16-08-2020,15:00,15:15,76
N01121T1,SU,16-08-2020,15:15,15:30,88
N01121T1,SU,16-08-2020,15:30,15:45,84
N01121T1,SU,16-08-2020,15:45,16:00,100
N01121T1,SU,16-08-2020,16:00,16:15,104
N01121T1,SU,16-08-2020,16:15,16:30,84
N01121T1,SU,16-08-2020,16:30,16:45,56
N01121T1,SU,16-08-2020,16:45,17:00,100
N01121T1,SU,16-08-2020,17:00,17:15,128
N01121T1,SU,16-08-2020,17:15,17:30,84
N01121T1,SU,16-08-2020,17:30,17:45,112
N01121T1,SU,16-08-2020,17:45,18:00,80
N01121T1,SU,16-08-2020,18:00,18:15,92
N01121T1,SU,16-08-2020,18:15,18:30,76
N01121T1,SU,16-08-2020,18:30,18:45,56
N01121T1,SU,16-08-2020,18:45,19:00,68
N01121T1,SU,16-08-2020,19:00,19:15,64
N01121T1,SU,16-08-2020,19:15,19:30,48
N01121T1,SU,16-08-2020,19:30,19:45,76
N01121T1,SU,16-08-2020,19:45,20:00,52
N01121T1,SU,16-08-2020,20:00,20:15,72
N01121T1,SU,16-08-2020,20:15,20:30,68
N01121T1,SU,16-08-2020,20:30,20:45,60
N01121T1,SU,16-08-2020,20:45,21:00,64
N01121T1,SU,16-08-2020,21:00,21:15,28
N01121T1,SU,16-08-2020,21:15,21:30,68
N01121T1,SU,16-08-2020,21:30,21:45,68
N01121T1,SU,16-08-2020,21:45,22:00,40
N01121T1,SU,16-08-2020,22:00,22:15,44
N01121T1,SU,16-08-2020,22:15,22:30,40
N01121T1,SU,16-08-2020,22:30,22:45,20
N01121T1,SU,16-08-2020,22:45,23:00,40
N01121T1,SU,16-08-2020,23:00,23:15,28
N01121T1,SU,16-08-2020,23:15,23:30,40
N01121T1,SU,16-08-2020,23:30,23:45,36
N01121T1,SU,16-08-2020,23:45,24:00,24
N01121T1,MO,17-08-2020,00:00,00:15,12
N01121T1,MO,17-08-2020,00:15,00:30,20
N01121T1,MO,17-08-2020,00:30,00:45,12
N01121T1,MO,17-08-2020,00:45,01:00,8
N01121T1,MO,17-08-2020,01:00,01:15,4
N01121T1,MO,17-08-2020,01:15,01:30,0
N01121T1,MO,17-08-2020,01:30,01:45,4
N01121T1,MO,17-08-2020,01:45,02:00,8
N01121T1,MO,17-08-2020,02:00,02:15,12
N01121T1,MO,17-08-2020,02:15,02:30,0
N01121T1,MO,17-08-2020,02:30,02:45,12
N01121T1,MO,17-08-2020,02:45,03:00,0
N01121T1,MO,17-08-2020,03:00,03:15,12
N01121T1,MO,17-08-2020,03:15,03:30,0
N01121T1,MO,17-08-2020,03:30,03:45,0
N01121T1,MO,17-08-2020,03:45,04:00,4
N01121T1,MO,17-08-2020,04:00,04:15,12
N01121T1,MO,17-08-2020,04:15,04:30,4
N01121T1,MO,17-08-2020,04:30,04:45,4
N01121T1,MO,17-08-2020,04:45,05:00,16
N01121T1,MO,17-08-2020,05:00,05:15,8
N01121T1,MO,17-08-2020,05:15,05:30,12
N01121T1,MO,17-08-2020,05:30,05:45,20
N01121T1,MO,17-08-2020,05:45,06:00,20
N01121T1,MO,17-08-2020,06:00,06:15,28
N01121T1,MO,17-08-2020,06:15,06:30,12
N01121T1,MO,17-08-2020,06:30,06:45,52
N01121T1,MO,17-08-2020,06:45,07:00,52
N01121T1,MO,17-08-2020,07:00,07:15,32
N01121T1,MO,17-08-2020,07:15,07:30,60
N01121T1,MO,17-08-2020,07:30,07:45,72
N01121T1,MO,17-08-2020,07:45,08:00,60
N01121T1,MO,17-08-2020,08:00,08:15,96
N01121T1,MO,17-08-2020,08:15,08:30,88
N01121T1,MO,17-08-2020,08:30,08:45,84
N01121T1,MO,17-08-2020,08:45,09:00,108
N01121T1,MO,17-08-2020,09:00,09:15,80
N01121T1,MO,17-08-2020,09:15,09:30,124
N01121T1,MO,17-08-2020,09:30,09:45,80
N01121T1,MO,17-08-2020,09:45,10:00,100
N01121T1,MO,17-08-2020,10:00,10:15,80
N01121T1,MO,17-08-2020,10:15,10:30,96
N01121T1,MO,17-08-2020,10:30,10:45,112
N01121T1,MO,17-08-2020,10:45,11:00,116
N01121T1,MO,17-08-2020,11:00,11:15,108
N01121T1,MO,17-08-2020,11:15,11:30,108
N01121T1,MO,17-08-2020,11:30,11:45,100
N01121T1,MO,17-08-2020,11:45,12:00,128
N01121T1,MO,17-08-2020,12:00,12:15,132
N01121T1,MO,17-08-2020,12:15,12:30,116
N01121T1,MO,17-08-2020,12:30,12:45,112
N01121T1,MO,17-08-2020,12:45,13:00,120
N01121T1,MO,17-08-2020,13:00,13:15,136
N01121T1,MO,17-08-2020,13:15,13:30,116
N01121T1,MO,17-08-2020,13:30,13:45,112
N01121T1,MO,17-08-2020,13:45,14:00,120
N01121T1,MO,17-08-2020,14:00,14:15,148
N01121T1,MO,17-08-2020,14:15,14:30,120
N01121T1,MO,17-08-2020,14:30,14:45,112
N01121T1,MO,17-08-2020,14:45,15:00,108
