Site,Day,Date,StartTime,EndTime,Flow
N01171A,WE,29-07-2020,00:00,00:15,43
N01171A,WE,29-07-2020,00:15,00:30,7
N01171A,WE,29-07-2020,00:30,00:45,22
N01171A,WE,29-07-2020,00:45,01:00,46
N01171A,WE,29-07-2020,01:00,01:15,25
N01171A,WE,29-07-2020,01:15,01:30,12
N01171A,WE,29-07-2020,01:30,01:45,17
N01171A,WE,29-07-2020,01:45,02:00,20
N01171A,WE,29-07-2020,02:00,02:15,29
N01171A,WE,29-07-2020,02:15,02:30,28
N01171A,WE,29-07-2020,02:30,02:45,12
N01171A,WE,29-07-2020,02:45,03:00,14
N01171A,WE,29-07-2020,03:00,03:15,33
N01171A,WE,29-07-2020,03:15,03:30,3
N01171A,WE,29-07-2020,03:30,03:45,16
N01171A,WE,29-07-2020,03:45,04:00,9
N01171A,WE,29-07-2020,04:00,04:15,6
N01171A,WE,29-07-2020,04:15,04:30,23
N01171A,WE,29-07-2020,04:30,04:45,32
N01171A,WE,29-07-2020,04:45,05:00,27
N01171A,WE,29-07-2020,05:00,05:15,32
N01171A,WE,29-07-2020,05:15,05:30,33
N01171A,WE,29-07-2020,05:30,05:45,42
N01171A,WE,29-07-2020,05:45,06:00,57
N01171A,WE,29-07-2020,06:00,06:15,54
N01171A,WE,29-07-2020,06:15,06:30,41
N01171A,WE,29-07-2020,06:30,06:45,85
N01171A,WE,29-07-2020,06:45,07:00,87
N01171A,WE,29-07-2020,07:00,07:15,86
N01171A,WE,29-07-2020,07:15,07:30,123
N01171A,WE,29-07-2020,07:30,07:45,142
N01171A,WE,29-07-2020,07:45,08:00,135
N01171A,WE,29-07-2020,08:00,08:15,128
N01171A,WE,29-07-2020,08:15,08:30,136
N01171A,WE,29-07-2020,08:30,08:45,134
N01171A,WE,29-07-2020,08:45,09:00,178
N01171A,WE,29-07-2020,09:00,09:15,152
N01171A,WE,29-07-2020,09:15,09:30,89
N01171A,WE,29-07-2020,09:30,09:45,162
N01171A,WE,29-07-2020,09:45,10:00,144
N01171A,WE,29-07-2020,10:00,10:15,124
N01171A,WE,29-07-2020,10:15,10:30,146
N01171A,WE,29-07-2020,10:30,10:45,163
N01171A,WE,29-07-2020,10:45,11:00,188
N01171A,WE,29-07-2020,11:00,11:15,178
N01171A,WE,29-07-2020,11:15,11:30,207
N01171A,WE,29-07-2020,11:30,11:45,164
N01171A,WE,29-07-2020,11:45,12:00,185
N01171A,WE,29-07-2020,12:00,12:15,194
N01171A,WE,29-07-2020,12:15,12:30,172
N01171A,WE,29-07-2020,12:30,12:45,194
N01171A,WE,29-07-2020,12:45,13:00,155
N01171A,WE,29-07-2020,13:00,13:15,145
N01171A,WE,29-07-2020,13:15,13:30,183
N01171A,WE,29-07-2020,13:30,13:45,232
N01171A,WE,29-07-2020,13:45,14:00,162
N01171A,WE,29-07-2020,14:00,14:15,171
N01171A,WE,29-07-2020,14:15,14:30,150
N01171A,WE,29-07-2020,14:30,14:45,183
N01171A,WE,29-07-2020,14:45,15:00,190
N01171A,WE,29-07-2020,15:00,15:15,226
N01171A,WE,29-07-2020,15:15,15:30,205
N01171A,WE,29-07-2020,15:30,15:45,155
N01171A,WE,29-07-2020,15:45,16:00,184
N01171A,WE,29-07-2020,16:00,16:15,181
N01171A,WE,29-07-2020,16:15,16:30,180
N01171A,WE,29-07-2020,16:30,16:45,190
N01171A,WE,29-07-2020,16:45,17:00,142
N01171A,WE,29-07-2020,17:00,17:15,140
N01171A,WE,29-07-2020,17:15,17:30,168
N01171A,WE,29-07-2020,17:30,17:45,140
N01171A,WE,29-07-2020,17:45,18:00,176
N01171A,WE,29-07-2020,18:00,18:15,110
N01171A,WE,29-07-2020,18:15,18:30,137
N01171A,WE,29-07-2020,18:30,18:45,137
N01171A,WE,29-07-2020,18:45,19:00,157
N01171A,WE,29-07-2020,19:00,19:15,98
N01171A,WE,29-07-2020,19:15,19:30,140
N01171A,WE,29-07-2020,19:30,19:45,100
N01171A,WE,29-07-2020,19:45,20:00,124
N01171A,WE,29-07-2020,20:00,20:15,126
N01171A,WE,29-07-2020,20:15,20:30,85
N01171A,WE,29-07-2020,20:30,20:45,57
N01171A,WE,29-07-2020,20:45,21:00,103
N01171A,WE,29-07-2020,21:00,21:15,81
N01171A,WE,29-07-2020,21:15,21:30,95
N01171A,WE,29-07-2020,21:30,21:45,78
N01171A,WE,29-07-2020,21:45,22:00,84
N01171A,WE,29-07-2020,22:00,22:15,88
N01171A,WE,29-07-2020,22:15,22:30,46
N01171A,WE,29-07-2020,22:30,22:45,65
N01171A,WE,29-07-2020,22:45,23:00,81
N01171A,WE,29-07-2020,23:00,23:15,55
N01171A,WE,29-07-2020,23:15,23:30,88
N01171A,WE,29-07-2020,23:30,23:45,47
N01171A,WE,29-07-2020,23:45,24:00,93
N01171A,TH,30-07-2020,00:00,00:15,36
N01171A,TH,30-07-2020,00:15,00:30,40
N01171A,TH,30-07-2020,00:30,00:45,63
N01171A,TH,30-07-2020,00:45,01:00,39
N01171A,TH,30-07-2020,01:00,01:15,29
N01171A,TH,30-07-2020,01:15,01:30,37
N01171A,TH,30-07-2020,01:30,01:45,14
N01171A,TH,30-07-2020,01:45,02:00,29
N01171A,TH,30-07-2020,02:00,02:15,36
N01171A,TH,30-07-2020,02:15,02:30,21
N01171A,TH,30-07-2020,02:30,02:45,16
N01171A,TH,30-07-2020,02:45,03:00,8
N01171A,TH,30-07-2020,03:00,03:15,12
N01171A,TH,30-07-2020,03:15,03:30,21
N01171A,TH,30-07-2020,03:30,03:45,10
N01171A,TH,30-07-2020,03:45,04:00,4
N01171A,TH,30-07-2020,04:00,04:15,0
N01171A,TH,30-07-2020,04:15,04:30,6
N01171A,TH,30-07-2020,04:30,04:45,6
N01171A,TH,30-07-2020,04:45,05:00,26
N01171A,TH,30-07-2020,05:00,05:15,46
N01171A,TH,30-07-2020,05:15,05:30,28
N01171A,TH,30-07-2020,05:30,05:45,54
N01171A,TH,30-07-2020,05:45,06:00,68
N01171A,TH,30-07-2020,06:00,06:15,46
N01171A,TH,30-07-2020,06:15,06:30,53
N01171A,TH,30-07-2020,06:30,06:45,87
N01171A,TH,30-07-2020,06:45,07:00,100
N01171A,TH,30-07-2020,07:00,07:15,70
N01171A,TH,30-07-2020,07:15,07:30,135
N01171A,TH,30-07-2020,07:30,07:45,142
N01171A,TH,30-07-2020,07:45,08:00,90
N01171A,TH,30-07-2020,08:00,08:15,124
N01171A,TH,30-07-2020,08:15,08:30,144
N01171A,TH,30-07-2020,08:30,08:45,124
N01171A,TH,30-07-2020,08:45,09:00,130
N01171A,TH,30-07-2020,09:00,09:15,122
N01171A,TH,30-07-2020,09:15,09:30,126
N01171A,TH,30-07-2020,09:30,09:45,143
N01171A,TH,30-07-2020,09:45,10:00,137
N01171A,TH,30-07-2020,10:00,10:15,164
N01171A,TH,30-07-2020,10:15,10:30,99
N01171A,TH,30-07-2020,10:30,10:45,179
N01171A,TH,30-07-2020,10:45,11:00,152
N01171A,TH,30-07-2020,11:00,11:15,186
N01171A,TH,30-07-2020,11:15,11:30,180
N01171A,TH,30-07-2020,11:30,11:45,149
N01171A,TH,30-07-2020,11:45,12:00,168
N01171A,TH,30-07-2020,12:00,12:15,192
N01171A,TH,30-07-2020,12:15,12:30,192
N01171A,TH,30-07-2020,12:30,12:45,179
N01171A,TH,30-07-2020,12:45,13:00,199
N01171A,TH,30-07-2020,13:00,13:15,199
N01171A,TH,30-07-2020,13:15,13:30,154
N01171A,TH,30-07-2020,13:30,13:45,183
N01171A,TH,30-07-2020,13:45,14:00,212
N01171A,TH,30-07-2020,14:00,14:15,184
N01171A,TH,30-07-2020,14:15,14:30,209
N01171A,TH,30-07-2020,14:30,14:45,132
N01171A,TH,30-07-2020,14:45,15:00,244
N01171A,TH,30-07-2020,15:00,15:15,160
N01171A,TH,30-07-2020,15:15,15:30,223
N01171A,TH,30-07-2020,15:30,15:45,175
N01171A,TH,30-07-2020,15:45,16:00,182
N01171A,TH,30-07-2020,16:00,16:15,134
N01171A,TH,30-07-2020,16:15,16:30,231
N01171A,TH,30-07-2020,16:30,16:45,180
N01171A,TH,30-07-2020,16:45,17:00,170
N01171A,TH,30-07-2020,17:00,17:15,132
N01171A,TH,30-07-2020,17:15,17:30,210
N01171A,TH,30-07-2020,17:30,17:45,150
N01171A,TH,30-07-2020,17:45,18:00,120
N01171A,TH,30-07-2020,18:00,18:15,125
N01171A,TH,30-07-2020,18:15,18:30,104
N01171A,TH,30-07-2020,18:30,18:45,131
N01171A,TH,30-07-2020,18:45,19:00,121
N01171A,TH,30-07-2020,19:00,19:15,139
N01171A,TH,30-07-2020,19:15,19:30,118
N01171A,TH,30-07-2020,19:30,19:45,128
N01171A,TH,30-07-2020,19:45,20:00,144
N01171A,TH,30-07-2020,20:00,20:15,101
N01171A,TH,30-07-2020,20:15,20:30,101
N01171A,TH,30-07-2020,20:30,20:45,119
N01171A,TH,30-07-2020,20:45,21:00,116
N01171A,TH,30-07-2020,21:00,21:15,69
N01171A,TH,30-07-2020,21:15,21:30,97
N01171A,TH,30-07-2020,21:30,21:45,114
N01171A,TH,30-07-2020,21:45,22:00,42
N01171A,TH,30-07-2020,22:00,22:15,57
N01171A,TH,30-07-2020,22:15,22:30,88
N01171A,TH,30-07-2020,22:30,22:45,87
N01171A,TH,30-07-2020,22:45,23:00,66
N01171A,TH,30-07-2020,23:00,23:15,60
N01171A,TH,30-07-2020,23:15,23:30,47
N01171A,TH,30-07-2020,23:30,23:45,28
N01171A,TH,30-07-2020,23:45,24:00,73
N01171A,FR,31-07-2020,00:00,00:15,72
N01171A,FR,31-07-2020,00:15,00:30,37
N01171A,FR,31-07-2020,00:30,00:45,31
N01171A,FR,31-07-2020,00:45,01:00,33
N01171A,FR,31-07-2020,01:00,01:15,44
N01171A,FR,31-07-2020,01:15,01:30,50
N01171A,FR,31-07-2020,01:30,01:45,21
N01171A,FR,31-07-2020,01:45,02:00,11
N01171A,FR,31-07-2020,02:00,02:15,21
N01171A,FR,31-07-2020,02:15,02:30,21
N01171A,FR,31-07-2020,02:30,02:45,25
N01171A,FR,31-07-2020,02:45,03:00,13
N01171A,FR,31-07-2020,03:00,03:15,22
N01171A,FR,31-07-2020,03:15,03:30,7
N01171A,FR,31-07-2020,03:30,03:45,28
N01171A,FR,31-07-2020,03:45,04:00,25
N01171A,FR,31-07-2020,04:00,04:15,0
N01171A,FR,31-07-2020,04:15,04:30,15
N01171A,FR,31-07-2020,04:30,04:45,22
N01171A,FR,31-07-2020,04:45,05:00,41
N01171A,FR,31-07-2020,05:00,05:15,25
N01171A,FR,31-07-2020,05:15,05:30,51
N01171A,FR,31-07-2020,05:30,05:45,23
N01171A,FR,31-07-2020,05:45,06:00,83
N01171A,FR,31-07-2020,06:00,06:15,63
N01171A,FR,31-07-2020,06:15,06:30,47
N01171A,FR,31-07-2020,06:30,06:45,78
N01171A,FR,31-07-2020,06:45,07:00,96
N01171A,FR,31-07-2020,07:00,07:15,83
N01171A,FR,31-07-2020,07:15,07:30,125
N01171A,FR,31-07-2020,07:30,07:45,128
N01171A,FR,31-07-2020,07:45,08:00,113
N01171A,FR,31-07-2020,08:00,08:15,161
N01171A,FR,31-07-2020,08:15,08:30,169
N01171A,FR,31-07-2020,08:30,08:45,107
N01171A,FR,31-07-2020,08:45,09:00,127
N01171A,FR,31-07-2020,09:00,09:15,128
N01171A,FR,31-07-2020,09:15,09:30,138
N01171A,FR,31-07-2020,09:30,09:45,152
N01171A,FR,31-07-2020,09:45,10:00,149
N01171A,FR,31-07-2020,10:00,10:15,135
N01171A,FR,31-07-2020,10:15,10:30,137
N01171A,FR,31-07-2020,10:30,10:45,200
N01171A,FR,31-07-2020,10:45,11:00,136
N01171A,FR,31-07-2020,11:00,11:15,137
N01171A,FR,31-07-2020,11:15,11:30,161
N01171A,FR,31-07-2020,11:30,11:45,156
N01171A,FR,31-07-2020,11:45,12:00,187
N01171A,FR,31-07-2020,12:00,12:15,156
N01171A,FR,31-07-2020,12:15,12:30,149
N01171A,FR,31-07-2020,12:30,12:45,206
N01171A,FR,31-07-2020,12:45,13:00,249
N01171A,FR,31-07-2020,13:00,13:15,165
N01171A,FR,31-07-2020,13:15,13:30,171
N01171A,FR,31-07-2020,13:30,13:45,232
N01171A,FR,31-07-2020,13:45,14:00,236
N01171A,FR,31-07-2020,14:00,14:15,235
N01171A,FR,31-07-2020,14:15,14:30,231
N01171A,FR,31-07-2020,14:30,14:45,177
N01171A,FR,31-07-2020,14:45,15:00,216
N01171A,FR,31-07-2020,15:00,15:15,179
N01171A,FR,31-07-2020,15:15,15:30,225
N01171A,FR,31-07-2020,15:30,15:45,213
N01171A,FR,31-07-2020,15:45,16:00,222
N01171A,FR,31-07-2020,16:00,16:15,147
N01171A,FR,31-07-2020,16:15,16:30,200
N01171A,FR,31-07-2020,16:30,16:45,181
N01171A,FR,31-07-2020,16:45,17:00,166
N01171A,FR,31-07-2020,17:00,17:15,180
N01171A,FR,31-07-2020,17:15,17:30,194
N01171A,FR,31-07-2020,17:30,17:45,190
N01171A,FR,31-07-2020,17:45,18:00,218
N01171A,FR,31-07-2020,18:00,18:15,179
N01171A,FR,31-07-2020,18:15,18:30,135
N01171A,FR,31-07-2020,18:30,18:45,148
N01171A,FR,31-07-2020,18:45,19:00,159
N01171A,FR,31-07-2020,19:00,19:15,141
N01171A,FR,31-07-2020,19:15,19:30,185
N01171A,FR,31-07-2020,19:30,19:45,133
N01171A,FR,31-07-2020,19:45,20:00,135
N01171A,FR,31-07-2020,20:00,20:15,155
N01171A,FR,31-07-2020,20:15,20:30,154
N01171A,FR,31-07-2020,20:30,20:45,119
N01171A,FR,31-07-2020,20:45,21:00,110
N01171A,FR,31-07-2020,21:00,21:15,117
N01171A,FR,31-07-2020,21:15,21:30,107
N01171A,FR,31-07-2020,21:30,21:45,211
N01171A,FR,31-07-2020,21:45,22:00,180
N01171A,FR,31-07-2020,22:00,22:15,170
N01171A,FR,31-07-2020,22:15,22:30,112
N01171A,FR,31-07-2020,22:30,22:45,138
N01171A,FR,31-07-2020,22:45,23:00,147
N01171A,FR,31-07-2020,23:00,23:15,90
N01171A,FR,31-07-2020,23:15,23:30,99
N01171A,FR,31-07-2020,23:30,23:45,79
N01171A,FR,31-07-2020,23:45,24:00,128
N01171A,SA,01-08-2020,00:00,00:15,104
N01171A,SA,01-08-2020,00:15,00:30,44
N01171A,SA,01-08-2020,00:30,00:45,68
N01171A,SA,01-08-2020,00:45,01:00,97
N01171A,SA,01-08-2020,01:00,01:15,66
N01171A,SA,01-08-2020,01:15,01:30,58
N01171A,SA,01-08-2020,01:30,01:45,60
N01171A,SA,01-08-2020,01:45,02:00,68
N01171A,SA,01-08-2020,02:00,02:15,49
N01171A,SA,01-08-2020,02:15,02:30,38
N01171A,SA,01-08-2020,02:30,02:45,34
N01171A,SA,01-08-2020,02:45,03:00,46
N01171A,SA,01-08-2020,03:00,03:15,28
N01171A,SA,01-08-2020,03:15,03:30,20
N01171A,SA,01-08-2020,03:30,03:45,23
N01171A,SA,01-08-2020,03:45,04:00,25
N01171A,SA,01-08-2020,04:00,04:15,27
N01171A,SA,01-08-2020,04:15,04:30,22
N01171A,SA,01-08-2020,04:30,04:45,11
N01171A,SA,01-08-2020,04:45,05:00,10
N01171A,SA,01-08-2020,05:00,05:15,53
N01171A,SA,01-08-2020,05:15,05:30,18
N01171A,SA,01-08-2020,05:30,05:45,17
N01171A,SA,01-08-2020,05:45,06:00,58
N01171A,SA,01-08-2020,06:00,06:15,49
N01171A,SA,01-08-2020,06:15,06:30,52
N01171A,SA,01-08-2020,06:30,06:45,58
N01171A,SA,01-08-2020,06:45,07:00,63
N01171A,SA,01-08-2020,07:00,07:15,34
N01171A,SA,01-08-2020,07:15,07:30,39
N01171A,SA,01-08-2020,07:30,07:45,72
N01171A,SA,01-08-2020,07:45,08:00,79
N01171A,SA,01-08-2020,08:00,08:15,77
N01171A,SA,01-08-2020,08:15,08:30,92
N01171A,SA,01-08-2020,08:30,08:45,78
N01171A,SA,01-08-2020,08:45,09:00,115
N01171A,SA,01-08-2020,09:00,09:15,106
N01171A,SA,01-08-2020,09:15,09:30,94
N01171A,SA,01-08-2020,09:30,09:45,140
N01171A,SA,01-08-2020,09:45,10:00,113
N01171A,SA,01-08-2020,10:00,10:15,174
N01171A,SA,01-08-2020,10:15,10:30,122
N01171A,SA,01-08-2020,10:30,10:45,139
N01171A,SA,01-08-2020,10:45,11:00,106
N01171A,SA,01-08-2020,11:00,11:15,139
N01171A,SA,01-08-2020,11:15,11:30,211
N01171A,SA,01-08-2020,11:30,11:45,182
N01171A,SA,01-08-2020,11:45,12:00,180
N01171A,SA,01-08-2020,12:00,12:15,194
N01171A,SA,01-08-2020,12:15,12:30,188
N01171A,SA,01-08-2020,12:30,12:45,216
N01171A,SA,01-08-2020,12:45,13:00,161
N01171A,SA,01-08-2020,13:00,13:15,120
N01171A,SA,01-08-2020,13:15,13:30,191
N01171A,SA,01-08-2020,13:30,13:45,184
N01171A,SA,01-08-2020,13:45,14:00,209
N01171A,SA,01-08-2020,14:00,14:15,209
N01171A,SA,01-08-2020,14:15,14:30,148
N01171A,SA,01-08-2020,14:30,14:45,238
N01171A,SA,01-08-2020,14:45,15:00,232
N01171A,SA,01-08-2020,15:00,15:15,173
N01171A,SA,01-08-2020,15:15,15:30,217
N01171A,SA,01-08-2020,15:30,15:45,149
N01171A,SA,01-08-2020,15:45,16:00,219
N01171A,SA,01-08-2020,16:00,16:15,205
N01171A,SA,01-08-2020,16:15,16:30,224
N01171A,SA,01-08-2020,16:30,16:45,202
N01171A,SA,01-08-2020,16:45,17:00,158
N01171A,SA,01-08-2020,17:00,17:15,175
N01171A,SA,01-08-2020,17:15,17:30,225
N01171A,SA,01-08-2020,17:30,17:45,157
N01171A,SA,01-08-2020,17:45,18:00,165
N01171A,SA,01-08-2020,18:00,18:15,102
N01171A,SA,01-08-2020,18:15,18:30,124
N01171A,SA,01-08-2020,18:30,18:45,131
N01171A,SA,01-08-2020,18:45,19:00,200
N01171A,SA,01-08-2020,19:00,19:15,116
N01171A,SA,01-08-2020,19:15,19:30,156
N01171A,SA,01-08-2020,19:30,19:45,168
N01171A,SA,01-08-2020,19:45,20:00,126
N01171A,SA,01-08-2020,20:00,20:15,152
N01171A,SA,01-08-2020,20:15,20:30,157
N01171A,SA,01-08-2020,20:30,20:45,178
N01171A,SA,01-08-2020,20:45,21:00,128
N01171A,SA,01-08-2020,21:00,21:15,154
N01171A,SA,01-08-2020,21:15,21:30,103
N01171A,SA,01-08-2020,21:30,21:45,140
N01171A,SA,01-08-2020,21:45,22:00,169
N01171A,SA,01-08-2020,22:00,22:15,147
N01171A,SA,01-08-2020,22:15,22:30,139
N01171A,SA,01-08-2020,22:30,22:45,168
N01171A,SA,01-08-2020,22:45,23:00,136
N01171A,SA,01-08-2020,23:00,23:15,135
N01171A,SA,01-08-2020,23:15,23:30,111
N01171A,SA,01-08-2020,23:30,23:45,103
N01171A,SA,01-08-2020,23:45,24:00,171
N01171A,SU,02-08-2020,00:00,00:15,132
N01171A,SU,02-08-2020,00:15,00:30,120
N01171A,SU,02-08-2020,00:30,00:45,99
N01171A,SU,02-08-2020,00:45,01:00,130
N01171A,SU,02-08-2020,01:00,01:15,120
N01171A,SU,02-08-2020,01:15,01:30,113
N01171A,SU,02-08-2020,01:30,01:45,97
N01171A,SU,02-08-2020,01:45,02:00,96
N01171A,SU,02-08-2020,02:00,02:15,62
N01171A,SU,02-08-2020,02:15,02:30,33
N01171A,SU,02-08-2020,02:30,02:45,50
N01171A,SU,02-08-2020,02:45,03:00,41
N01171A,SU,02-08-2020,03:00,03:15,76
N01171A,SU,02-08-2020,03:15,03:30,46
N01171A,SU,02-08-2020,03:30,03:45,3
N01171A,SU,02-08-2020,03:45,04:00,41
N01171A,SU,02-08-2020,04:00,04:15,29
N01171A,SU,02-08-2020,04:15,04:30,36
N01171A,SU,02-08-2020,04:30,04:45,30
N01171A,SU,02-08-2020,04:45,05:00,44
N01171A,SU,02-08-2020,05:00,05:15,11
N01171A,SU,02-08-2020,05:15,05:30,12
N01171A,SU,02-08-2020,05:30,05:45,3
N01171A,SU,02-08-2020,05:45,06:00,34
N01171A,SU,02-08-2020,06:00,06:15,10
N01171A,SU,02-08-2020,06:15,06:30,5
N01171A,SU,02-08-2020,06:30,06:45,26
N01171A,SU,02-08-2020,06:45,07:00,45
N01171A,SU,02-08-2020,07:00,07:15,64
N01171A,SU,02-08-2020,07:15,07:30,57
N01171A,SU,02-08-2020,07:30,07:45,24
N01171A,SU,02-08-2020,07:45,08:00,27
N01171A,SU,02-08-2020,08:00,08:15,44
N01171A,SU,02-08-2020,08:15,08:30,13
N01171A,SU,02-08-2020,08:30,08:45,48
N01171A,SU,02-08-2020,08:45,09:00,68
N01171A,SU,02-08-2020,09:00,09:15,44
N01171A,SU,02-08-2020,09:15,09:30,72
N01171A,SU,02-08-2020,09:30,09:45,68
N01171A,SU,02-08-2020,09:45,10:00,72
N01171A,SU,02-08-2020,10:00,10:15,57
N01171A,SU,02-08-2020,10:15,10:30,90
N01171A,SU,02-08-2020,10:30,10:45,119
N01171A,SU,02-08-2020,10:45,11:00,81
N01171A,SU,02-08-2020,11:00,11:15,112
N01171A,SU,02-08-2020,11:15,11:30,106
N01171A,SU,02-08-2020,11:30,11:45,113
N01171A,SU,02-08-2020,11:45,12:00,142
N01171A,SU,02-08-2020,12:00,12:15,169
N01171A,SU,02-08-2020,12:15,12:30,172
N01171A,SU,02-08-2020,12:30,12:45,134
N01171A,SU,02-08-2020,12:45,13:00,201
N01171A,SU,02-08-2020,13:00,13:15,135
N01171A,SU,02-08-2020,13:15,13:30,134
N01171A,SU,02-08-2020,13:30,13:45,180
N01171A,SU,02-08-2020,13:45,14:00,168
N01171A,SU,02-08-2020,14:00,14:15,139
N01171A,SU,02-08-2020,14:15,14:30,162
N01171A,SU,02-08-2020,14:30,14:45,107
N01171A,SU,02-08-2020,14:45,15:00,183
N01171A,SU,02-08-2020,15:00,15:15,203
N01171A,SU,02-08-2020,15:15,15:30,119
N01171A,SU,02-08-2020,15:30,15:45,223
N01171A,SU,02-08-2020,15:45,16:00,189
N01171A,SU,02-08-2020,16:00,16:15,113
N01171A,SU,02-08-2020,16:15,16:30,123
N01171A,SU,02-08-2020,16:30,16:45,146
N01171A,SU,02-08-2020,16:45,17:00,140
N01171A,SU,02-08-2020,17:00,17:15,169
N01171A,SU,02-08-2020,17:15,17:30,132
N01171A,SU,02-08-2020,17:30,17:45,109
N01171A,SU,02-08-2020,17:45,18:00,161
N01171A,SU,02-08-2020,18:00,18:15,134
N01171A,SU,02-08-2020,18:15,18:30,110
N01171A,SU,02-08-2020,18:30,18:45,102
N01171A,SU,02-08-2020,18:45,19:00,129
N01171A,SU,02-08-2020,19:00,19:15,94
N01171A,SU,02-08-2020,19:15,19:30,95
N01171A,SU,02-08-2020,19:30,19:45,117
N01171A,SU,02-08-2020,19:45,20:00,104
N01171A,SU,02-08-2020,20:00,20:15,110
N01171A,SU,02-08-2020,20:15,20:30,87
N01171A,SU,02-08-2020,20:30,20:45,120
N01171A,SU,02-08-2020,20:45,21:00,87
N01171A,SU,02-08-2020,21:00,21:15,72
N01171A,SU,02-08-2020,21:15,21:30,101
N01171A,SU,02-08-2020,21:30,21:45,69
N01171A,SU,02-08-2020,21:45,22:00,72
N01171A,SU,02-08-2020,22:00,22:15,59
N01171A,SU,02-08-2020,22:15,22:30,68
N01171A,SU,02-08-2020,22:30,22:45,48
N01171A,SU,02-08-2020,22:45,23:00,74
N01171A,SU,02-08-2020,23:00,23:15,71
N01171A,SU,02-08-2020,23:15,23:30,51
N01171A,SU,02-08-2020,23:30,23:45,73
N01171A,SU,02-08-2020,23:45,24:00,51
N01171A,MO,03-08-2020,00:00,00:15,68
N01171A,MO,03-08-2020,00:15,00:30,54
N01171A,MO,03-08-2020,00:30,00:45,17
N01171A,MO,03-08-2020,00:45,01:00,36
N01171A,MO,03-08-2020,01:00,01:15,21
N01171A,MO,03-08-2020,01:15,01:30,28
N01171A,MO,03-08-2020,01:30,01:45,12
N01171A,MO,03-08-2020,01:45,02:00,25
N01171A,MO,03-08-2020,02:00,02:15,25
N01171A,MO,03-08-2020,02:15,02:30,7
N01171A,MO,03-08-2020,02:30,02:45,17
N01171A,MO,03-08-2020,02:45,03:00,24
N01171A,MO,03-08-2020,03:00,03:15,9
N01171A,MO,03-08-2020,03:15,03:30,22
N01171A,MO,03-08-2020,03:30,03:45,15
N01171A,MO,03-08-2020,03:45,04:00,19
N01171A,MO,03-08-2020,04:00,04:15,4
N01171A,MO,03-08-2020,04:15,04:30,22
N01171A,MO,03-08-2020,04:30,04:45,12
N01171A,MO,03-08-2020,04:45,05:00,37
N01171A,MO,03-08-2020,05:00,05:15,32
N01171A,MO,03-08-2020,05:15,05:30,41
N01171A,MO,03-08-2020,05:30,05:45,41
N01171A,MO,03-08-2020,05:45,06:00,57
N01171A,MO,03-08-2020,06:00,06:15,84
N01171A,MO,03-08-2020,06:15,06:30,43
N01171A,MO,03-08-2020,06:30,06:45,86
N01171A,MO,03-08-2020,06:45,07:00,64
N01171A,MO,03-08-2020,07:00,07:15,103
N01171A,MO,03-08-2020,07:15,07:30,152
N01171A,MO,03-08-2020,07:30,07:45,171
N01171A,MO,03-08-2020,07:45,08:00,147
N01171A,MO,03-08-2020,08:00,08:15,117
N01171A,MO,03-08-2020,08:15,08:30,103
N01171A,MO,03-08-2020,08:30,08:45,120
N01171A,MO,03-08-2020,08:45,09:00,107
N01171A,MO,03-08-2020,09:00,09:15,92
N01171A,MO,03-08-2020,09:15,09:30,114
N01171A,MO,03-08-2020,09:30,09:45,155
N01171A,MO,03-08-2020,09:45,10:00,172
N01171A,MO,03-08-2020,10:00,10:15,144
N01171A,MO,03-08-2020,10:15,10:30,169
N01171A,MO,03-08-2020,10:30,10:45,144
N01171A,MO,03-08-2020,10:45,11:00,197
N01171A,MO,03-08-2020,11:00,11:15,179
N01171A,MO,03-08-2020,11:15,11:30,197
N01171A,MO,03-08-2020,11:30,11:45,162
N01171A,MO,03-08-2020,11:45,12:00,145
N01171A,MO,03-08-2020,12:00,12:15,154
N01171A,MO,03-08-2020,12:15,12:30,152
N01171A,MO,03-08-2020,12:30,12:45,221
N01171A,MO,03-08-2020,12:45,13:00,232
N01171A,MO,03-08-2020,13:00,13:15,159
N01171A,MO,03-08-2020,13:15,13:30,156
N01171A,MO,03-08-2020,13:30,13:45,125
N01171A,MO,03-08-2020,13:45,14:00,177
N01171A,MO,03-08-2020,14:00,14:15,234
N01171A,MO,03-08-2020,14:15,14:30,161
N01171A,MO,03-08-2020,14:30,14:45,153
N01171A,MO,03-08-2020,14:45,15:00,214
N01171A,MO,03-08-2020,15:00,15:15,167
N01171A,MO,03-08-2020,15:15,15:30,187
N01171A,MO,03-08-2020,15:30,15:45,133
N01171A,MO,03-08-2020,15:45,16:00,231
N01171A,MO,03-08-2020,16:00,16:15,168
N01171A,MO,03-08-2020,16:15,16:30,125
N01171A,MO,03-08-2020,16:30,16:45,186
N01171A,MO,03-08-2020,16:45,17:00,206
N01171A,MO,03-08-2020,17:00,17:15,213
N01171A,MO,03-08-2020,17:15,17:30,188
N01171A,MO,03-08-2020,17:30,17:45,183
N01171A,MO,03-08-2020,17:45,18:00,166
N01171A,MO,03-08-2020,18:00,18:15,163
N01171A,MO,03-08-2020,18:15,18:30,122
N01171A,MO,03-08-2020,18:30,18:45,141
N01171A,MO,03-08-2020,18:45,19:00,129
N01171A,MO,03-08-2020,19:00,19:15,146
N01171A,MO,03-08-2020,19:15,19:30,109
N01171A,MO,03-08-2020,19:30,19:45,128
N01171A,MO,03-08-2020,19:45,20:00,112
N01171A,MO,03-08-2020,20:00,20:15,66
N01171A,MO,03-08-2020,20:15,20:30,120
N01171A,MO,03-08-2020,20:30,20:45,112
N01171A,MO,03-08-2020,20:45,21:00,75
N01171A,MO,03-08-2020,21:00,21:15,143
N01171A,MO,03-08-2020,21:15,21:30,122
N01171A,MO,03-08-2020,21:30,21:45,76
N01171A,MO,03-08-2020,21:45,22:00,105
N01171A,MO,03-08-2020,22:00,22:15,72
N01171A,MO,03-08-2020,22:15,22:30,71
N01171A,MO,03-08-2020,22:30,22:45,55
N01171A,MO,03-08-2020,22:45,23:00,68
N01171A,MO,03-08-2020,23:00,23:15,51
N01171A,MO,03-08-2020,23:15,23:30,56
N01171A,MO,03-08-2020,23:30,23:45,39
N01171A,MO,03-08-2020,23:45,24:00,70
N01171A,TU,04-08-2020,00:00,00:15,46
N01171A,TU,04-08-2020,00:15,00:30,27
N01171A,TU,04-08-2020,00:30,00:45,26
N01171A,TU,04-08-2020,00:45,01:00,40
N01171A,TU,04-08-2020,01:00,01:15,23
N01171A,TU,04-08-2020,01:15,01:30,11
N01171A,TU,04-08-2020,01:30,01:45,11
N01171A,TU,04-08-2020,01:45,02:00,4
N01171A,TU,04-08-2020,02:00,02:15,10
N01171A,TU,04-08-2020,02:15,02:30,14
N01171A,TU,04-08-2020,02:30,02:45,2
N01171A,TU,04-08-2020,02:45,03:00,23
N01171A,TU,04-08-2020,03:00,03:15,17
N01171A,TU,04-08-2020,03:15,03:30,16
N01171A,TU,04-08-2020,03:30,03:45,28
N01171A,TU,04-08-2020,03:45,04:00,9
N01171A,TU,04-08-2020,04:00,04:15,6
N01171A,TU,04-08-2020,04:15,04:30,8
N01171A,TU,04-08-2020,04:30,04:45,10
N01171A,TU,04-08-2020,04:45,05:00,39
N01171A,TU,04-08-2020,05:00,05:15,17
N01171A,TU,04-08-2020,05:15,05:30,40
N01171A,TU,04-08-2020,05:30,05:45,55
N01171A,TU,04-08-2020,05:45,06:00,54
N01171A,TU,04-08-2020,06:00,06:15,49
N01171A,TU,04-08-2020,06:15,06:30,68
N01171A,TU,04-08-2020,06:30,06:45,108
N01171A,TU,04-08-2020,06:45,07:00,69
N01171A,TU,04-08-2020,07:00,07:15,108
N01171A,TU,04-08-2020,07:15,07:30,137
N01171A,TU,04-08-2020,07:30,07:45,138
N01171A,TU,04-08-2020,07:45,08:00,147
N01171A,TU,04-08-2020,08:00,08:15,131
N01171A,TU,04-08-2020,08:15,08:30,158
N01171A,TU,04-08-2020,08:30,08:45,156
N01171A,TU,04-08-2020,08:45,09:00,147
N01171A,TU,04-08-2020,09:00,09:15,142
N01171A,TU,04-08-2020,09:15,09:30,157
N01171A,TU,04-08-2020,09:30,09:45,149
N01171A,TU,04-08-2020,09:45,10:00,126
N01171A,TU,04-08-2020,10:00,10:15,167
N01171A,TU,04-08-2020,10:15,10:30,208
N01171A,TU,04-08-2020,10:30,10:45,222
N01171A,TU,04-08-2020,10:45,11:00,223
N01171A,TU,04-08-2020,11:00,11:15,165
N01171A,TU,04-08-2020,11:15,11:30,164
N01171A,TU,04-08-2020,11:30,11:45,208
N01171A,TU,04-08-2020,11:45,12:00,162
N01171A,TU,04-08-2020,12:00,12:15,176
N01171A,TU,04-08-2020,12:15,12:30,196
N01171A,TU,04-08-2020,12:30,12:45,158
N01171A,TU,04-08-2020,12:45,13:00,222
N01171A,TU,04-08-2020,13:00,13:15,187
N01171A,TU,04-08-2020,13:15,13:30,153
N01171A,TU,04-08-2020,13:30,13:45,206
N01171A,TU,04-08-2020,13:45,14:00,220
N01171A,TU,04-08-2020,14:00,14:15,194
N01171A,TU,04-08-2020,14:15,14:30,193
N01171A,TU,04-08-2020,14:30,14:45,185
N01171A,TU,04-08-2020,14:45,15:00,198
N01171A,TU,04-08-2020,15:00,15:15,226
N01171A,TU,04-08-2020,15:15,15:30,188
N01171A,TU,04-08-2020,15:30,15:45,187
N01171A,TU,04-08-2020,15:45,16:00,155
N01171A,TU,04-08-2020,16:00,16:15,223
N01171A,TU,04-08-2020,16:15,16:30,135
N01171A,TU,04-08-2020,16:30,16:45,238
N01171A,TU,04-08-2020,16:45,17:00,140
N01171A,TU,04-08-2020,17:00,17:15,247
N01171A,TU,04-08-2020,17:15,17:30,165
N01171A,TU,04-08-2020,17:30,17:45,138
N01171A,TU,04-08-2020,17:45,18:00,150
N01171A,TU,04-08-2020,18:00,18:15,140
N01171A,TU,04-08-2020,18:15,18:30,123
N01171A,TU,04-08-2020,18:30,18:45,128
N01171A,TU,04-08-2020,18:45,19:00,134
N01171A,TU,04-08-2020,19:00,19:15,100
N01171A,TU,04-08-2020,19:15,19:30,92
N01171A,TU,04-08-2020,19:30,19:45,144
N01171A,TU,04-08-2020,19:45,20:00,107
N01171A,TU,04-08-2020,20:00,20:15,96
N01171A,TU,04-08-2020,20:15,20:30,108
N01171A,TU,04-08-2020,20:30,20:45,95
N01171A,TU,04-08-2020,20:45,21:00,82
N01171A,TU,04-08-2020,21:00,21:15,84
N01171A,TU,04-08-2020,21:15,21:30,140
N01171A,TU,04-08-2020,21:30,21:45,140
N01171A,TU,04-08-2020,21:45,22:00,97
N01171A,TU,04-08-2020,22:00,22:15,84
N01171A,TU,04-08-2020,22:15,22:30,74
N01171A,TU,04-08-2020,22:30,22:45,60
N01171A,TU,04-08-2020,22:45,23:00,89
N01171A,TU,04-08-2020,23:00,23:15,83
N01171A,TU,04-08-2020,23:15,23:30,42
N01171A,TU,04-08-2020,23:30,23:45,38
N01171A,TU,04-08-2020,23:45,24:00,25
N01171A,WE,05-08-2020,00:00,00:15,47
N01171A,WE,05-08-2020,00:15,00:30,31
N01171A,WE,05-08-2020,00:30,00:45,16
N01171A,WE,05-08-2020,00:45,01:00,38
N01171A,WE,05-08-2020,01:00,01:15,10
N01171A,WE,05-08-2020,01:15,01:30,18
N01171A,WE,05-08-2020,01:30,01:45,14
N01171A,WE,05-08-2020,01:45,02:00,8
N01171A,WE,05-08-2020,02:00,02:15,22
N01171A,WE,05-08-2020,02:15,02:30,23
N01171A,WE,05-08-2020,02:30,02:45,20
N01171A,WE,05-08-2020,02:45,03:00,0
N01171A,WE,05-08-2020,03:00,03:15,3
N01171A,WE,05-08-2020,03:15,03:30,13
N01171A,WE,05-08-2020,03:30,03:45,13
N01171A,WE,05-08-2020,03:45,04:00,16
N01171A,WE,05-08-2020,04:00,04:15,3
N01171A,WE,05-08-2020,04:15,04:30,20
N01171A,WE,05-08-2020,04:30,04:45,6
N01171A,WE,05-08-2020,04:45,05:00,41
N01171A,WE,05-08-2020,05:00,05:15,26
N01171A,WE,05-08-2020,05:15,05:30,43
N01171A,WE,05-08-2020,05:30,05:45,36
N01171A,WE,05-08-2020,05:45,06:00,60
N01171A,WE,05-08-2020,06:00,06:15,51
N01171A,WE,05-08-2020,06:15,06:30,69
N01171A,WE,05-08-2020,06:30,06:45,103
N01171A,WE,05-08-2020,06:45,07:00,70
N01171A,WE,05-08-2020,07:00,07:15,79
N01171A,WE,05-08-2020,07:15,07:30,165
N01171A,WE,05-08-2020,07:30,07:45,99
N01171A,WE,05-08-2020,07:45,08:00,128
N01171A,WE,05-08-2020,08:00,08:15,107
N01171A,WE,05-08-2020,08:15,08:30,172
N01171A,WE,05-08-2020,08:30,08:45,154
N01171A,WE,05-08-2020,08:45,09:00,175
N01171A,WE,05-08-2020,09:00,09:15,120
N01171A,WE,05-08-2020,09:15,09:30,144
N01171A,WE,05-08-2020,09:30,09:45,153
N01171A,WE,05-08-2020,09:45,10:00,257
N01171A,WE,05-08-2020,10:00,10:15,119
N01171A,WE,05-08-2020,10:15,10:30,137
N01171A,WE,05-08-2020,10:30,10:45,138
N01171A,WE,05-08-2020,10:45,11:00,182
N01171A,WE,05-08-2020,11:00,11:15,148
N01171A,WE,05-08-2020,11:15,11:30,147
N01171A,WE,05-08-2020,11:30,11:45,178
N01171A,WE,05-08-2020,11:45,12:00,131
N01171A,WE,05-08-2020,12:00,12:15,157
N01171A,WE,05-08-2020,12:15,12:30,182
N01171A,WE,05-08-2020,12:30,12:45,213
N01171A,WE,05-08-2020,12:45,13:00,210
N01171A,WE,05-08-2020,13:00,13:15,232
N01171A,WE,05-08-2020,13:15,13:30,169
N01171A,WE,05-08-2020,13:30,13:45,205
N01171A,WE,05-08-2020,13:45,14:00,183
N01171A,WE,05-08-2020,14:00,14:15,203
N01171A,WE,05-08-2020,14:15,14:30,189
N01171A,WE,05-08-2020,14:30,14:45,169
N01171A,WE,05-08-2020,14:45,15:00,235
N01171A,WE,05-08-2020,15:00,15:15,143
N01171A,WE,05-08-2020,15:15,15:30,197
N01171A,WE,05-08-2020,15:30,15:45,194
N01171A,WE,05-08-2020,15:45,16:00,167
N01171A,WE,05-08-2020,16:00,16:15,258
N01171A,WE,05-08-2020,16:15,16:30,167
N01171A,WE,05-08-2020,16:30,16:45,133
N01171A,WE,05-08-2020,16:45,17:00,139
N01171A,WE,05-08-2020,17:00,17:15,166
N01171A,WE,05-08-2020,17:15,17:30,160
N01171A,WE,05-08-2020,17:30,17:45,175
N01171A,WE,05-08-2020,17:45,18:00,190
N01171A,WE,05-08-2020,18:00,18:15,123
N01171A,WE,05-08-2020,18:15,18:30,97
N01171A,WE,05-08-2020,18:30,18:45,110
N01171A,WE,05-08-2020,18:45,19:00,60
N01171A,WE,05-08-2020,19:00,19:15,134
N01171A,WE,05-08-2020,19:15,19:30,126
N01171A,WE,05-08-2020,19:30,19:45,101
N01171A,WE,05-08-2020,19:45,20:00,110
N01171A,WE,05-08-2020,20:00,20:15,62
N01171A,WE,05-08-2020,20:15,20:30,56
N01171A,WE,05-08-2020,20:30,20:45,72
N01171A,WE,05-08-2020,20:45,21:00,91
N01171A,WE,05-08-2020,21:00,21:15,97
N01171A,WE,05-08-2020,21:15,21:30,97
N01171A,WE,05-08-2020,21:30,21:45,108
N01171A,WE,05-08-2020,21:45,22:00,109
N01171A,WE,05-08-2020,22:00,22:15,95
N01171A,WE,05-08-2020,22:15,22:30,36
N01171A,WE,05-08-2020,22:30,22:45,71
N01171A,WE,05-08-2020,22:45,23:00,49
N01171A,WE,05-08-2020,23:00,23:15,44
N01171A,WE,05-08-2020,23:15,23:30,34
N01171A,WE,05-08-2020,23:30,23:45,27
N01171A,WE,05-08-2020,23:45,24:00,54
N01171A,TH,06-08-2020,00:00,00:15,16
N01171A,TH,06-08-2020,00:15,00:30,3
N01171A,TH,06-08-2020,00:30,00:45,7
N01171A,TH,06-08-2020,00:45,01:00,10
N01171A,TH,06-08-2020,01:00,01:15,8
N01171A,TH,06-08-2020,01:15,01:30,7
N01171A,TH,06-08-2020,01:30,01:45,19
N01171A,TH,06-08-2020,01:45,02:00,9
N01171A,TH,06-08-2020,02:00,02:15,14
N01171A,TH,06-08-2020,02:15,02:30,17
N01171A,TH,06-08-2020,02:30,02:45,21
N01171A,TH,06-08-2020,02:45,03:00,17
N01171A,TH,06-08-2020,03:00,03:15,10
N01171A,TH,06-08-2020,03:15,03:30,5
N01171A,TH,06-08-2020,03:30,03:45,6
N01171A,TH,06-08-2020,03:45,04:00,12
N01171A,TH,06-08-2020,04:00,04:15,19
N01171A,TH,06-08-2020,04:15,04:30,14
N01171A,TH,06-08-2020,04:30,04:45,15
N01171A,TH,06-08-2020,04:45,05:00,32
N01171A,TH,06-08-2020,05:00,05:15,19
N01171A,TH,06-08-2020,05:15,05:30,33
N01171A,TH,06-08-2020,05:30,05:45,50
N01171A,TH,06-08-2020,05:45,06:00,76
N01171A,TH,06-08-2020,06:00,06:15,54
N01171A,TH,06-08-2020,06:15,06:30,58
N01171A,TH,06-08-2020,06:30,06:45,76
N01171A,TH,06-08-2020,06:45,07:00,91
N01171A,TH,06-08-2020,07:00,07:15,89
N01171A,TH,06-08-2020,07:15,07:30,138
N01171A,TH,06-08-2020,07:30,07:45,97
N01171A,TH,06-08-2020,07:45,08:00,157
N01171A,TH,06-08-2020,08:00,08:15,105
N01171A,TH,06-08-2020,08:15,08:30,132
N01171A,TH,06-08-2020,08:30,08:45,181
N01171A,TH,06-08-2020,08:45,09:00,142
N01171A,TH,06-08-2020,09:00,09:15,95
N01171A,TH,06-08-2020,09:15,09:30,152
N01171A,TH,06-08-2020,09:30,09:45,145
N01171A,TH,06-08-2020,09:45,10:00,135
N01171A,TH,06-08-2020,10:00,10:15,119
N01171A,TH,06-08-2020,10:15,10:30,138
N01171A,TH,06-08-2020,10:30,10:45,134
N01171A,TH,06-08-2020,10:45,11:00,143
N01171A,TH,06-08-2020,11:00,11:15,141
N01171A,TH,06-08-2020,11:15,11:30,170
N01171A,TH,06-08-2020,11:30,11:45,119
N01171A,TH,06-08-2020,11:45,12:00,171
N01171A,TH,06-08-2020,12:00,12:15,171
N01171A,TH,06-08-2020,12:15,12:30,153
N01171A,TH,06-08-2020,12:30,12:45,106
N01171A,TH,06-08-2020,12:45,13:00,170
N01171A,TH,06-08-2020,13:00,13:15,144
N01171A,TH,06-08-2020,13:15,13:30,170
N01171A,TH,06-08-2020,13:30,13:45,134
N01171A,TH,06-08-2020,13:45,14:00,241
N01171A,TH,06-08-2020,14:00,14:15,109
N01171A,TH,06-08-2020,14:15,14:30,125
N01171A,TH,06-08-2020,14:30,14:45,166
N01171A,TH,06-08-2020,14:45,15:00,171
N01171A,TH,06-08-2020,15:00,15:15,114
N01171A,TH,06-08-2020,15:15,15:30,165
N01171A,TH,06-08-2020,15:30,15:45,186
N01171A,TH,06-08-2020,15:45,16:00,176
N01171A,TH,06-08-2020,16:00,16:15,156
N01171A,TH,06-08-2020,16:15,16:30,160
N01171A,TH,06-08-2020,16:30,16:45,142
N01171A,TH,06-08-2020,16:45,17:00,127
N01171A,TH,06-08-2020,17:00,17:15,185
N01171A,TH,06-08-2020,17:15,17:30,108
N01171A,TH,06-08-2020,17:30,17:45,148
N01171A,TH,06-08-2020,17:45,18:00,135
N01171A,TH,06-08-2020,18:00,18:15,162
N01171A,TH,06-08-2020,18:15,18:30,98
N01171A,TH,06-08-2020,18:30,18:45,139
N01171A,TH,06-08-2020,18:45,19:00,83
N01171A,TH,06-08-2020,19:00,19:15,99
N01171A,TH,06-08-2020,19:15,19:30,130
N01171A,TH,06-08-2020,19:30,19:45,121
N01171A,TH,06-08-2020,19:45,20:00,98
N01171A,TH,06-08-2020,20:00,20:15,53
N01171A,TH,06-08-2020,20:15,20:30,46
N01171A,TH,06-08-2020,20:30,20:45,69
N01171A,TH,06-08-2020,20:45,21:00,67
N01171A,TH,06-08-2020,21:00,21:15,69
N01171A,TH,06-08-2020,21:15,21:30,91
N01171A,TH,06-08-2020,21:30,21:45,78
N01171A,TH,06-08-2020,21:45,22:00,79
N01171A,TH,06-08-2020,22:00,22:15,48
N01171A,TH,06-08-2020,22:15,22:30,32
N01171A,TH,06-08-2020,22:30,22:45,54
N01171A,TH,06-08-2020,22:45,23:00,61
N01171A,TH,06-08-2020,23:00,23:15,46
N01171A,TH,06-08-2020,23:15,23:30,12
N01171A,TH,06-08-2020,23:30,23:45,52
N01171A,TH,06-08-2020,23:45,24:00,32
N01171A,FR,07-08-2020,00:00,00:15,23
N01171A,FR,07-08-2020,00:15,00:30,17
N01171A,FR,07-08-2020,00:30,00:45,3
N01171A,FR,07-08-2020,00:45,01:00,24
N01171A,FR,07-08-2020,01:00,01:15,14
N01171A,FR,07-08-2020,01:15,01:30,21
N01171A,FR,07-08-2020,01:30,01:45,7
N01171A,FR,07-08-2020,01:45,02:00,11
N01171A,FR,07-08-2020,02:00,02:15,5
N01171A,FR,07-08-2020,02:15,02:30,25
N01171A,FR,07-08-2020,02:30,02:45,8
N01171A,FR,07-08-2020,02:45,03:00,18
N01171A,FR,07-08-2020,03:00,03:15,23
N01171A,FR,07-08-2020,03:15,03:30,4
N01171A,FR,07-08-2020,03:30,03:45,23
N01171A,FR,07-08-2020,03:45,04:00,15
N01171A,FR,07-08-2020,04:00,04:15,11
N01171A,FR,07-08-2020,04:15,04:30,0
N01171A,FR,07-08-2020,04:30,04:45,14
N01171A,FR,07-08-2020,04:45,05:00,23
N01171A,FR,07-08-2020,05:00,05:15,37
N01171A,FR,07-08-2020,05:15,05:30,47
N01171A,FR,07-08-2020,05:30,05:45,50
N01171A,FR,07-08-2020,05:45,06:00,64
N01171A,FR,07-08-2020,06:00,06:15,72
N01171A,FR,07-08-2020,06:15,06:30,64
N01171A,FR,07-08-2020,06:30,06:45,84
N01171A,FR,07-08-2020,06:45,07:00,83
N01171A,FR,07-08-2020,07:00,07:15,69
N01171A,FR,07-08-2020,07:15,07:30,114
N01171A,FR,07-08-2020,07:30,07:45,124
N01171A,FR,07-08-2020,07:45,08:00,101
N01171A,FR,07-08-2020,08:00,08:15,105
N01171A,FR,07-08-2020,08:15,08:30,122
N01171A,FR,07-08-2020,08:30,08:45,178
N01171A,FR,07-08-2020,08:45,09:00,131
N01171A,FR,07-08-2020,09:00,09:15,153
N01171A,FR,07-08-2020,09:15,09:30,161
N01171A,FR,07-08-2020,09:30,09:45,130
N01171A,FR,07-08-2020,09:45,10:00,125
N01171A,FR,07-08-2020,10:00,10:15,140
N01171A,FR,07-08-2020,10:15,10:30,109
N01171A,FR,07-08-2020,10:30,10:45,113
N01171A,FR,07-08-2020,10:45,11:00,140
N01171A,FR,07-08-2020,11:00,11:15,142
N01171A,FR,07-08-2020,11:15,11:30,127
N01171A,FR,07-08-2020,11:30,11:45,78
N01171A,FR,07-08-2020,11:45,12:00,137
N01171A,FR,07-08-2020,12:00,12:15,130
N01171A,FR,07-08-2020,12:15,12:30,154
N01171A,FR,07-08-2020,12:30,12:45,131
N01171A,FR,07-08-2020,12:45,13:00,193
N01171A,FR,07-08-2020,13:00,13:15,126
N01171A,FR,07-08-2020,13:15,13:30,169
N01171A,FR,07-08-2020,13:30,13:45,187
N01171A,FR,07-08-2020,13:45,14:00,190
N01171A,FR,07-08-2020,14:00,14:15,156
N01171A,FR,07-08-2020,14:15,14:30,112
N01171A,FR,07-08-2020,14:30,14:45,160
N01171A,FR,07-08-2020,14:45,15:00,194
N01171A,FR,07-08-2020,15:00,15:15,171
N01171A,FR,07-08-2020,15:15,15:30,182
N01171A,FR,07-08-2020,15:30,15:45,207
N01171A,FR,07-08-2020,15:45,16:00,151
N01171A,FR,07-08-2020,16:00,16:15,192
N01171A,FR,07-08-2020,16:15,16:30,132
N01171A,FR,07-08-2020,16:30,16:45,119
N01171A,FR,07-08-2020,16:45,17:00,161
N01171A,FR,07-08-2020,17:00,17:15,120
N01171A,FR,07-08-2020,17:15,17:30,129
N01171A,FR,07-08-2020,17:30,17:45,132
N01171A,FR,07-08-2020,17:45,18:00,106
N01171A,FR,07-08-2020,18:00,18:15,117
N01171A,FR,07-08-2020,18:15,18:30,136
N01171A,FR,07-08-2020,18:30,18:45,108
N01171A,FR,07-08-2020,18:45,19:00,89
N01171A,FR,07-08-2020,19:00,19:15,90
N01171A,FR,07-08-2020,19:15,19:30,102
N01171A,FR,07-08-2020,19:30,19:45,85
N01171A,FR,07-08-2020,19:45,20:00,101
N01171A,FR,07-08-2020,20:00,20:15,85
N01171A,FR,07-08-2020,20:15,20:30,103
N01171A,FR,07-08-2020,20:30,20:45,69
N01171A,FR,07-08-2020,20:45,21:00,121
N01171A,FR,07-08-2020,21:00,21:15,80
N01171A,FR,07-08-2020,21:15,21:30,67
N01171A,FR,07-08-2020,21:30,21:45,74
N01171A,FR,07-08-2020,21:45,22:00,86
N01171A,FR,07-08-2020,22:00,22:15,75
N01171A,FR,07-08-2020,22:15,22:30,65
N01171A,FR,07-08-2020,22:30,22:45,60
N01171A,FR,07-08-2020,22:45,23:00,89
N01171A,FR,07-08-2020,23:00,23:15,56
N01171A,FR,07-08-2020,23:15,23:30,64
N01171A,FR,07-08-2020,23:30,23:45,69
N01171A,FR,07-08-2020,23:45,24:00,28
N01171A,SA,08-08-2020,00:00,00:15,16
N01171A,SA,08-08-2020,00:15,00:30,26
N01171A,SA,08-08-2020,00:30,00:45,36
N01171A,SA,08-08-2020,00:45,01:00,26
N01171A,SA,08-08-2020,01:00,01:15,9
N01171A,SA,08-08-2020,01:15,01:30,13
N01171A,SA,08-08-2020,01:30,01:45,6
N01171A,SA,08-08-2020,01:45,02:00,29
N01171A,SA,08-08-2020,02:00,02:15,16
N01171A,SA,08-08-2020,02:15,02:30,12
N01171A,SA,08-08-2020,02:30,02:45,8
N01171A,SA,08-08-2020,02:45,03:00,8
N01171A,SA,08-08-2020,03:00,03:15,8
N01171A,SA,08-08-2020,03:15,03:30,3
N01171A,SA,08-08-2020,03:30,03:45,24
N01171A,SA,08-08-2020,03:45,04:00,5
N01171A,SA,08-08-2020,04:00,04:15,1
N01171A,SA,08-08-2020,04:15,04:30,0
N01171A,SA,08-08-2020,04:30,04:45,19
N01171A,SA,08-08-2020,04:45,05:00,12
N01171A,SA,08-08-2020,05:00,05:15,18
N01171A,SA,08-08-2020,05:15,05:30,36
N01171A,SA,08-08-2020,05:30,05:45,19
N01171A,SA,08-08-2020,05:45,06:00,54
N01171A,SA,08-08-2020,06:00,06:15,21
N01171A,SA,08-08-2020,06:15,06:30,50
N01171A,SA,08-08-2020,06:30,06:45,54
N01171A,SA,08-08-2020,06:45,07:00,76
N01171A,SA,08-08-2020,07:00,07:15,26
N01171A,SA,08-08-2020,07:15,07:30,58
N01171A,SA,08-08-2020,07:30,07:45,53
N01171A,SA,08-08-2020,07:45,08:00,102
N01171A,SA,08-08-2020,08:00,08:15,42
N01171A,SA,08-08-2020,08:15,08:30,48
N01171A,SA,08-08-2020,08:30,08:45,75
N01171A,SA,08-08-2020,08:45,09:00,80
N01171A,SA,08-08-2020,09:00,09:15,102
N01171A,SA,08-08-2020,09:15,09:30,54
N01171A,SA,08-08-2020,09:30,09:45,72
N01171A,SA,08-08-2020,09:45,10:00,83
N01171A,SA,08-08-2020,10:00,10:15,82
N01171A,SA,08-08-2020,10:15,10:30,130
N01171A,SA,08-08-2020,10:30,10:45,74
N01171A,SA,08-08-2020,10:45,11:00,109
N01171A,SA,08-08-2020,11:00,11:15,133
N01171A,SA,08-08-2020,11:15,11:30,108
N01171A,SA,08-08-2020,11:30,11:45,121
N01171A,SA,08-08-2020,11:45,12:00,153
N01171A,SA,08-08-2020,12:00,12:15,113
N01171A,SA,08-08-2020,12:15,12:30,129
N01171A,SA,08-08-2020,12:30,12:45,111
N01171A,SA,08-08-2020,12:45,13:00,184
N01171A,SA,08-08-2020,13:00,13:15,143
N01171A,SA,08-08-2020,13:15,13:30,125
N01171A,SA,08-08-2020,13:30,13:45,169
N01171A,SA,08-08-2020,13:45,14:00,192
N01171A,SA,08-08-2020,14:00,14:15,143
N01171A,SA,08-08-2020,14:15,14:30,150
N01171A,SA,08-08-2020,14:30,14:45,189
N01171A,SA,08-08-2020,14:45,15:00,158
N01171A,SA,08-08-2020,15:00,15:15,156
N01171A,SA,08-08-2020,15:15,15:30,116
N01171A,SA,08-08-2020,15:30,15:45,126
N01171A,SA,08-08-2020,15:45,16:00,152
N01171A,SA,08-08-2020,16:00,16:15,94
N01171A,SA,08-08-2020,16:15,16:30,108
N01171A,SA,08-08-2020,16:30,16:45,110
N01171A,SA,08-08-2020,16:45,17:00,156
N01171A,SA,08-08-2020,17:00,17:15,132
N01171A,SA,08-08-2020,17:15,17:30,146
N01171A,SA,08-08-2020,17:30,17:45,141
N01171A,SA,08-08-2020,17:45,18:00,129
N01171A,SA,08-08-2020,18:00,18:15,98
N01171A,SA,08-08-2020,18:15,18:30,107
N01171A,SA,08-08-2020,18:30,18:45,106
N01171A,SA,08-08-2020,18:45,19:00,116
N01171A,SA,08-08-2020,19:00,19:15,97
N01171A,SA,08-08-2020,19:15,19:30,85
N01171A,SA,08-08-2020,19:30,19:45,114
N01171A,SA,08-08-2020,19:45,20:00,77
N01171A,SA,08-08-2020,20:00,20:15,116
N01171A,SA,08-08-2020,20:15,20:30,99
N01171A,SA,08-08-2020,20:30,20:45,62
N01171A,SA,08-08-2020,20:45,21:00,54
N01171A,SA,08-08-2020,21:00,21:15,105
N01171A,SA,08-08-2020,21:15,21:30,75
N01171A,SA,08-08-2020,21:30,21:45,68
N01171A,SA,08-08-2020,21:45,22:00,65
N01171A,SA,08-08-2020,22:00,22:15,45
N01171A,SA,08-08-2020,22:15,22:30,42
N01171A,SA,08-08-2020,22:30,22:45,77
N01171A,SA,08-08-2020,22:45,23:00,83
N01171A,SA,08-08-2020,23:00,23:15,55
N01171A,SA,08-08-2020,23:15,23:30,36
N01171A,SA,08-08-2020,23:30,23:45,55
N01171A,SA,08-08-2020,23:45,24:00,43
N01171A,SU,09-08-2020,00:00,00:15,26
N01171A,SU,09-08-2020,00:15,00:30,27
N01171A,SU,09-08-2020,00:30,00:45,21
N01171A,SU,09-08-2020,00:45,01:00,11
N01171A,SU,09-08-2020,01:00,01:15,14
N01171A,SU,09-08-2020,01:15,01:30,9
N01171A,SU,09-08-2020,01:30,01:45,18
N01171A,SU,09-08-2020,01:45,02:00,23
N01171A,SU,09-08-2020,02:00,02:15,7
N01171A,SU,09-08-2020,02:15,02:30,14
N01171A,SU,09-08-2020,02:30,02:45,12
N01171A,SU,09-08-2020,02:45,03:00,16
N01171A,SU,09-08-2020,03:00,03:15,4
N01171A,SU,09-08-2020,03:15,03:30,10
N01171A,SU,09-08-2020,03:30,03:45,14
N01171A,SU,09-08-2020,03:45,04:00,6
N01171A,SU,09-08-2020,04:00,04:15,6
N01171A,SU,09-08-2020,04:15,04:30,3
N01171A,SU,09-08-2020,04:30,04:45,25
N01171A,SU,09-08-2020,04:45,05:00,28
N01171A,SU,09-08-2020,05:00,05:15,14
N01171A,SU,09-08-2020,05:15,05:30,12
N01171A,SU,09-08-2020,05:30,05:45,4
N01171A,SU,09-08-2020,05:45,06:00,3
N01171A,SU,09-08-2020,06:00,06:15,6
N01171A,SU,09-08-2020,06:15,06:30,13
N01171A,SU,09-08-2020,06:30,06:45,18
N01171A,SU,09-08-2020,06:45,07:00,30
N01171A,SU,09-08-2020,07:00,07:15,33
N01171A,SU,09-08-2020,07:15,07:30,39
N01171A,SU,09-08-2020,07:30,07:45,22
N01171A,SU,09-08-2020,07:45,08:00,21
N01171A,SU,09-08-2020,08:00,08:15,35
N01171A,SU,09-08-2020,08:15,08:30,15
N01171A,SU,09-08-2020,08:30,08:45,54
N01171A,SU,09-08-2020,08:45,09:00,53
N01171A,SU,09-08-2020,09:00,09:15,52
N01171A,SU,09-08-2020,09:15,09:30,51
N01171A,SU,09-08-2020,09:30,09:45,43
N01171A,SU,09-08-2020,09:45,10:00,68
N01171A,SU,09-08-2020,10:00,10:15,91
N01171A,SU,09-08-2020,10:15,10:30,70
N01171A,SU,09-08-2020,10:30,10:45,89
N01171A,SU,09-08-2020,10:45,11:00,88
N01171A,SU,09-08-2020,11:00,11:15,96
N01171A,SU,09-08-2020,11:15,11:30,101
N01171A,SU,09-08-2020,11:30,11:45,76
N01171A,SU,09-08-2020,11:45,12:00,102
N01171A,SU,09-08-2020,12:00,12:15,117
N01171A,SU,09-08-2020,12:15,12:30,114
N01171A,SU,09-08-2020,12:30,12:45,144
N01171A,SU,09-08-2020,12:45,13:00,112
N01171A,SU,09-08-2020,13:00,13:15,129
N01171A,SU,09-08-2020,13:15,13:30,117
N01171A,SU,09-08-2020,13:30,13:45,121
N01171A,SU,09-08-2020,13:45,14:00,192
N01171A,SU,09-08-2020,14:00,14:15,88
N01171A,SU,09-08-2020,14:15,14:30,108
N01171A,SU,09-08-2020,14:30,14:45,131
N01171A,SU,09-08-2020,14:45,15:00,120
N01171A,SU,09-08-2020,15:00,15:15,88
N01171A,SU,09-08-2020,15:15,15:30,112
N01171A,SU,09-08-2020,15:30,15:45,138
N01171A,SU,09-08-2020,15:45,16:00,103
N01171A,SU,09-08-2020,16:00,16:15,53
N01171A,SU,09-08-2020,16:15,16:30,139
N01171A,SU,09-08-2020,16:30,16:45,128
N01171A,SU,09-08-2020,16:45,17:00,169
N01171A,SU,09-08-2020,17:00,17:15,102
N01171A,SU,09-08-2020,17:15,17:30,106
N01171A,SU,09-08-2020,17:30,17:45,87
N01171A,SU,09-08-2020,17:45,18:00,109
N01171A,SU,09-08-2020,18:00,18:15,93
N01171A,SU,09-08-2020,18:15,18:30,107
N01171A,SU,09-08-2020,18:30,18:45,124
N01171A,SU,09-08-2020,18:45,19:00,63
N01171A,SU,09-08-2020,19:00,19:15,115
N01171A,SU,09-08-2020,19:15,19:30,80
N01171A,SU,09-08-2020,19:30,19:45,91
N01171A,SU,09-08-2020,19:45,20:00,90
N01171A,SU,09-08-2020,20:00,20:15,81
N01171A,SU,09-08-2020,20:15,20:30,118
N01171A,SU,09-08-2020,20:30,20:45,55
N01171A,SU,09-08-2020,20:45,21:00,34
N01171A,SU,09-08-2020,21:00,21:15,66
N01171A,SU,09-08-2020,21:15,21:30,37
N01171A,SU,09-08-2020,21:30,21:45,86
N01171A,SU,09-08-2020,21:45,22:00,46
N01171A,SU,09-08-2020,22:00,22:15,56
N01171A,SU,09-08-2020,22:15,22:30,50
N01171A,SU,09-08-2020,22:30,22:45,52
N01171A,SU,09-08-2020,22:45,23:00,36
N01171A,SU,09-08-2020,23:00,23:15,39
N01171A,SU,09-08-2020,23:15,23:30,57
N01171A,SU,09-08-2020,23:30,23:45,26
N01171A,SU,09-08-2020,23:45,24:00,33
N01171A,MO,10-08-2020,00:00,00:15,36
N01171A,MO,10-08-2020,00:15,00:30,25
N01171A,MO,10-08-2020,00:30,00:45,10
N01171A,MO,10-08-2020,00:45,01:00,23
N01171A,MO,10-08-2020,01:00,01:15,20
N01171A,MO,10-08-2020,01:15,01:30,16
N01171A,MO,10-08-2020,01:30,01:45,12
N01171A,MO,10-08-2020,01:45,02:00,16
N01171A,MO,10-08-2020,02:00,02:15,8
N01171A,MO,10-08-2020,02:15,02:30,14
N01171A,MO,10-08-2020,02:30,02:45,5
N01171A,MO,10-08-2020,02:45,03:00,8
N01171A,MO,10-08-2020,03:00,03:15,3
N01171A,MO,10-08-2020,03:15,03:30,0
N01171A,MO,10-08-2020,03:30,03:45,15
N01171A,MO,10-08-2020,03:45,04:00,13
N01171A,MO,10-08-2020,04:00,04:15,10
N01171A,MO,10-08-2020,04:15,04:30,0
N01171A,MO,10-08-2020,04:30,04:45,20
N01171A,MO,10-08-2020,04:45,05:00,46
N01171A,MO,10-08-2020,05:00,05:15,21
N01171A,MO,10-08-2020,05:15,05:30,33
N01171A,MO,10-08-2020,05:30,05:45,64
N01171A,MO,10-08-2020,05:45,06:00,37
N01171A,MO,10-08-2020,06:00,06:15,73
N01171A,MO,10-08-2020,06:15,06:30,59
N01171A,MO,10-08-2020,06:30,06:45,82
N01171A,MO,10-08-2020,06:45,07:00,69
N01171A,MO,10-08-2020,07:00,07:15,78
N01171A,MO,10-08-2020,07:15,07:30,138
N01171A,MO,10-08-2020,07:30,07:45,114
N01171A,MO,10-08-2020,07:45,08:00,152
N01171A,MO,10-08-2020,08:00,08:15,109
N01171A,MO,10-08-2020,08:15,08:30,126
N01171A,MO,10-08-2020,08:30,08:45,169
N01171A,MO,10-08-2020,08:45,09:00,129
N01171A,MO,10-08-2020,09:00,09:15,119
N01171A,MO,10-08-2020,09:15,09:30,158
N01171A,MO,10-08-2020,09:30,09:45,121
N01171A,MO,10-08-2020,09:45,10:00,123
N01171A,MO,10-08-2020,10:00,10:15,138
N01171A,MO,10-08-2020,10:15,10:30,153
N01171A,MO,10-08-2020,10:30,10:45,81
N01171A,MO,10-08-2020,10:45,11:00,129
N01171A,MO,10-08-2020,11:00,11:15,84
N01171A,MO,10-08-2020,11:15,11:30,207
N01171A,MO,10-08-2020,11:30,11:45,142
N01171A,MO,10-08-2020,11:45,12:00,167
N01171A,MO,10-08-2020,12:00,12:15,120
N01171A,MO,10-08-2020,12:15,12:30,145
N01171A,MO,10-08-2020,12:30,12:45,115
N01171A,MO,10-08-2020,12:45,13:00,132
N01171A,MO,10-08-2020,13:00,13:15,146
N01171A,MO,10-08-2020,13:15,13:30,144
N01171A,MO,10-08-2020,13:30,13:45,149
N01171A,MO,10-08-2020,13:45,14:00,134
N01171A,MO,10-08-2020,14:00,14:15,164
N01171A,MO,10-08-2020,14:15,14:30,184
N01171A,MO,10-08-2020,14:30,14:45,170
N01171A,MO,10-08-2020,14:45,15:00,184
N01171A,MO,10-08-2020,15:00,15:15,138
N01171A,MO,10-08-2020,15:15,15:30,188
N01171A,MO,10-08-2020,15:30,15:45,172
N01171A,MO,10-08-2020,15:45,16:00,144
N01171A,MO,10-08-2020,16:00,16:15,158
N01171A,MO,10-08-2020,16:15,16:30,119
N01171A,MO,10-08-2020,16:30,16:45,152
N01171A,MO,10-08-2020,16:45,17:00,163
N01171A,MO,10-08-2020,17:00,17:15,155
N01171A,MO,10-08-2020,17:15,17:30,136
N01171A,MO,10-08-2020,17:30,17:45,175
N01171A,MO,10-08-2020,17:45,18:00,129
N01171A,MO,10-08-2020,18:00,18:15,157
N01171A,MO,10-08-2020,18:15,18:30,117
N01171A,MO,10-08-2020,18:30,18:45,105
N01171A,MO,10-08-2020,18:45,19:00,116
N01171A,MO,10-08-2020,19:00,19:15,101
N01171A,MO,10-08-2020,19:15,19:30,124
N01171A,MO,10-08-2020,19:30,19:45,89
N01171A,MO,10-08-2020,19:45,20:00,151
N01171A,MO,10-08-2020,20:00,20:15,93
N01171A,MO,10-08-2020,20:15,20:30,108
N01171A,MO,10-08-2020,20:30,20:45,83
N01171A,MO,10-08-2020,20:45,21:00,50
N01171A,MO,10-08-2020,21:00,21:15,70
N01171A,MO,10-08-2020,21:15,21:30,94
N01171A,MO,10-08-2020,21:30,21:45,89
N01171A,MO,10-08-2020,21:45,22:00,68
N01171A,MO,10-08-2020,22:00,22:15,34
N01171A,MO,10-08-2020,22:15,22:30,54
N01171A,MO,10-08-2020,22:30,22:45,41
N01171A,MO,10-08-2020,22:45,23:00,46
N01171A,MO,10-08-2020,23:00,23:15,23
N01171A,MO,10-08-2020,23:15,23:30,19
N01171A,MO,10-08-2020,23:30,23:45,34
N01171A,MO,10-08-2020,23:45,24:00,24
N01171A,TU,11-08-2020,00:00,00:15,24
N01171A,TU,11-08-2020,00:15,00:30,9
N01171A,TU,11-08-2020,00:30,00:45,19
N01171A,TU,11-08-2020,00:45,01:00,17
N01171A,TU,11-08-2020,01:00,01:15,20
N01171A,TU,11-08-2020,01:15,01:30,0
N01171A,TU,11-08-2020,01:30,01:45,18
N01171A,TU,11-08-2020,01:45,02:00,4
N01171A,TU,11-08-2020,02:00,02:15,0
N01171A,TU,11-08-2020,02:15,02:30,8
N01171A,TU,11-08-2020,02:30,02:45,0
N01171A,TU,11-08-2020,02:45,03:00,8
N01171A,TU,11-08-2020,03:00,03:15,6
N01171A,TU,11-08-2020,03:15,03:30,17
N01171A,TU,11-08-2020,03:30,03:45,13
N01171A,TU,11-08-2020,03:45,04:00,19
N01171A,TU,11-08-2020,04:00,04:15,5
N01171A,TU,11-08-2020,04:15,04:30,16
N01171A,TU,11-08-2020,04:30,04:45,4
N01171A,TU,11-08-2020,04:45,05:00,53
N01171A,TU,11-08-2020,05:00,05:15,17
N01171A,TU,11-08-2020,05:15,05:30,28
N01171A,TU,11-08-2020,05:30,05:45,45
N01171A,TU,11-08-2020,05:45,06:00,56
N01171A,TU,11-08-2020,06:00,06:15,65
N01171A,TU,11-08-2020,06:15,06:30,68
N01171A,TU,11-08-2020,06:30,06:45,69
N01171A,TU,11-08-2020,06:45,07:00,107
N01171A,TU,11-08-2020,07:00,07:15,76
N01171A,TU,11-08-2020,07:15,07:30,151
N01171A,TU,11-08-2020,07:30,07:45,99
N01171A,TU,11-08-2020,07:45,08:00,171
N01171A,TU,11-08-2020,08:00,08:15,95
N01171A,TU,11-08-2020,08:15,08:30,135
N01171A,TU,11-08-2020,08:30,08:45,169
N01171A,TU,11-08-2020,08:45,09:00,240
N01171A,TU,11-08-2020,09:00,09:15,137
N01171A,TU,11-08-2020,09:15,09:30,107
N01171A,TU,11-08-2020,09:30,09:45,89
N01171A,TU,11-08-2020,09:45,10:00,131
N01171A,TU,11-08-2020,10:00,10:15,115
N01171A,TU,11-08-2020,10:15,10:30,123
N01171A,TU,11-08-2020,10:30,10:45,110
N01171A,TU,11-08-2020,10:45,11:00,150
N01171A,TU,11-08-2020,11:00,11:15,133
N01171A,TU,11-08-2020,11:15,11:30,111
N01171A,TU,11-08-2020,11:30,11:45,195
N01171A,TU,11-08-2020,11:45,12:00,160
N01171A,TU,11-08-2020,12:00,12:15,176
N01171A,TU,11-08-2020,12:15,12:30,100
N01171A,TU,11-08-2020,12:30,12:45,130
N01171A,TU,11-08-2020,12:45,13:00,136
N01171A,TU,11-08-2020,13:00,13:15,129
N01171A,TU,11-08-2020,13:15,13:30,139
N01171A,TU,11-08-2020,13:30,13:45,148
N01171A,TU,11-08-2020,13:45,14:00,177
N01171A,TU,11-08-2020,14:00,14:15,159
N01171A,TU,11-08-2020,14:15,14:30,135
N01171A,TU,11-08-2020,14:30,14:45,143
N01171A,TU,11-08-2020,14:45,15:00,179
N01171A,TU,11-08-2020,15:00,15:15,194
N01171A,TU,11-08-2020,15:15,15:30,164
N01171A,TU,11-08-2020,15:30,15:45,200
N01171A,TU,11-08-2020,15:45,16:00,143
N01171A,TU,11-08-2020,16:00,16:15,147
N01171A,TU,11-08-2020,16:15,16:30,129
N01171A,TU,11-08-2020,16:30,16:45,138
N01171A,TU,11-08-2020,16:45,17:00,109
N01171A,TU,11-08-2020,17:00,17:15,134
N01171A,TU,11-08-2020,17:15,17:30,112
N01171A,TU,11-08-2020,17:30,17:45,143
N01171A,TU,11-08-2020,17:45,18:00,123
N01171A,TU,11-08-2020,18:00,18:15,108
N01171A,TU,11-08-2020,18:15,18:30,67
N01171A,TU,11-08-2020,18:30,18:45,105
N01171A,TU,11-08-2020,18:45,19:00,65
N01171A,TU,11-08-2020,19:00,19:15,115
N01171A,TU,11-08-2020,19:15,19:30,88
N01171A,TU,11-08-2020,19:30,19:45,92
N01171A,TU,11-08-2020,19:45,20:00,78
N01171A,TU,11-08-2020,20:00,20:15,90
N01171A,TU,11-08-2020,20:15,20:30,43
N01171A,TU,11-08-2020,20:30,20:45,88
N01171A,TU,11-08-2020,20:45,21:00,80
N01171A,TU,11-08-2020,21:00,21:15,59
N01171A,TU,11-08-2020,21:15,21:30,84
N01171A,TU,11-08-2020,21:30,21:45,66
N01171A,TU,11-08-2020,21:45,22:00,72
N01171A,TU,11-08-2020,22:00,22:15,39
N01171A,TU,11-08-2020,22:15,22:30,88
N01171A,TU,11-08-2020,22:30,22:45,56
N01171A,TU,11-08-2020,22:45,23:00,50
N01171A,TU,11-08-2020,23:00,23:15,57
N01171A,TU,11-08-2020,23:15,23:30,51
N01171A,TU,11-08-2020,23:30,23:45,18
N01171A,TU,11-08-2020,23:45,24:00,22
N01171A,WE,12-08-2020,00:00,00:15,23
N01171A,WE,12-08-2020,00:15,00:30,22
N01171A,WE,12-08-2020,00:30,00:45,7
N01171A,WE,12-08-2020,00:45,01:00,37
N01171A,WE,12-08-2020,01:00,01:15,25
N01171A,WE,12-08-2020,01:15,01:30,14
N01171A,WE,12-08-2020,01:30,01:45,9
N01171A,WE,12-08-2020,01:45,02:00,8
N01171A,WE,12-08-2020,02:00,02:15,0
N01171A,WE,12-08-2020,02:15,02:30,5
N01171A,WE,12-08-2020,02:30,02:45,8
N01171A,WE,12-08-2020,02:45,03:00,0
N01171A,WE,12-08-2020,03:00,03:15,11
N01171A,WE,12-08-2020,03:15,03:30,14
N01171A,WE,12-08-2020,03:30,03:45,10
N01171A,WE,12-08-2020,03:45,04:00,18
N01171A,WE,12-08-2020,04:00,04:15,9
N01171A,WE,12-08-2020,04:15,04:30,14
N01171A,WE,12-08-2020,04:30,04:45,12
N01171A,WE,12-08-2020,04:45,05:00,60
N01171A,WE,12-08-2020,05:00,05:15,16
N01171A,WE,12-08-2020,05:15,05:30,44
N01171A,WE,12-08-2020,05:30,05:45,39
N01171A,WE,12-08-2020,05:45,06:00,65
N01171A,WE,12-08-2020,06:00,06:15,78
N01171A,WE,12-08-2020,06:15,06:30,38
N01171A,WE,12-08-2020,06:30,06:45,112
N01171A,WE,12-08-2020,06:45,07:00,108
N01171A,WE,12-08-2020,07:00,07:15,90
N01171A,WE,12-08-2020,07:15,07:30,139
N01171A,WE,12-08-2020,07:30,07:45,122
N01171A,WE,12-08-2020,07:45,08:00,189
N01171A,WE,12-08-2020,08:00,08:15,293
N01171A,WE,12-08-2020,08:15,08:30,220
N01171A,WE,12-08-2020,08:30,08:45,75
N01171A,WE,12-08-2020,08:45,09:00,343
N01171A,WE,12-08-2020,09:15,09:30,296
N01171A,WE,12-08-2020,09:30,09:45,112
N01171A,WE,12-08-2020,09:45,10:00,301
N01171A,WE,12-08-2020,10:00,10:15,145
N01171A,WE,12-08-2020,10:15,10:30,133
N01171A,WE,12-08-2020,10:30,10:45,135
N01171A,WE,12-08-2020,10:45,11:00,178
N01171A,WE,12-08-2020,11:00,11:15,181
N01171A,WE,12-08-2020,11:15,11:30,129
N01171A,WE,12-08-2020,11:30,11:45,241
N01171A,WE,12-08-2020,11:45,12:00,190
N01171A,WE,12-08-2020,12:00,12:15,192
N01171A,WE,12-08-2020,12:15,12:30,128
N01171A,WE,12-08-2020,12:30,12:45,185
N01171A,WE,12-08-2020,12:45,13:00,143
N01171A,WE,12-08-2020,13:00,13:15,129
N01171A,WE,12-08-2020,13:15,13:30,138
N01171A,WE,12-08-2020,13:30,13:45,245
N01171A,WE,12-08-2020,13:45,14:00,192
N01171A,WE,12-08-2020,14:00,14:15,157
N01171A,WE,12-08-2020,14:15,14:30,217
N01171A,WE,12-08-2020,14:30,14:45,166
N01171A,WE,12-08-2020,14:45,15:00,209
N01171A,WE,12-08-2020,15:00,15:15,131
N01171A,WE,12-08-2020,15:15,15:30,143
N01171A,WE,12-08-2020,15:30,15:45,166
N01171A,WE,12-08-2020,15:45,16:00,190
N01171A,WE,12-08-2020,16:00,16:15,135
N01171A,WE,12-08-2020,16:15,16:30,181
N01171A,WE,12-08-2020,16:30,16:45,134
N01171A,WE,12-08-2020,16:45,17:00,116
N01171A,WE,12-08-2020,17:00,17:15,139
N01171A,WE,12-08-2020,17:15,17:30,203
N01171A,WE,12-08-2020,17:30,17:45,164
N01171A,WE,12-08-2020,17:45,18:00,132
N01171A,WE,12-08-2020,18:00,18:15,127
N01171A,WE,12-08-2020,18:15,18:30,133
N01171A,WE,12-08-2020,18:30,18:45,135
N01171A,WE,12-08-2020,18:45,19:00,79
N01171A,WE,12-08-2020,19:00,19:15,97
N01171A,WE,12-08-2020,19:15,19:30,157
N01171A,WE,12-08-2020,19:30,19:45,176
N01171A,WE,12-08-2020,19:45,20:00,84
N01171A,WE,12-08-2020,20:00,20:15,130
N01171A,WE,12-08-2020,20:15,20:30,67
N01171A,WE,12-08-2020,20:30,20:45,80
N01171A,WE,12-08-2020,20:45,21:00,90
N01171A,WE,12-08-2020,21:00,21:15,101
N01171A,WE,12-08-2020,21:15,21:30,101
N01171A,WE,12-08-2020,21:30,21:45,98
N01171A,WE,12-08-2020,21:45,22:00,41
N01171A,WE,12-08-2020,22:00,22:15,51
N01171A,WE,12-08-2020,22:15,22:30,67
N01171A,WE,12-08-2020,22:30,22:45,99
N01171A,WE,12-08-2020,22:45,23:00,43
N01171A,WE,12-08-2020,23:00,23:15,47
N01171A,WE,12-08-2020,23:15,23:30,40
N01171A,WE,12-08-2020,23:30,23:45,22
N01171A,WE,12-08-2020,23:45,24:00,23
N01171A,TH,13-08-2020,00:00,00:15,17
N01171A,TH,13-08-2020,00:15,00:30,26
N01171A,TH,13-08-2020,00:30,00:45,9
N01171A,TH,13-08-2020,00:45,01:00,30
N01171A,TH,13-08-2020,01:00,01:15,10
N01171A,TH,13-08-2020,01:15,01:30,19
N01171A,TH,13-08-2020,01:30,01:45,14
N01171A,TH,13-08-2020,01:45,02:00,4
N01171A,TH,13-08-2020,02:00,02:15,12
N01171A,TH,13-08-2020,02:15,02:30,12
N01171A,TH,13-08-2020,02:30,02:45,8
N01171A,TH,13-08-2020,02:45,03:00,15
N01171A,TH,13-08-2020,03:00,03:15,4
N01171A,TH,13-08-2020,03:15,03:30,9
N01171A,TH,13-08-2020,03:30,03:45,24
N01171A,TH,13-08-2020,03:45,04:00,23
N01171A,TH,13-08-2020,04:00,04:15,7
N01171A,TH,13-08-2020,04:15,04:30,18
N01171A,TH,13-08-2020,04:30,04:45,12
N01171A,TH,13-08-2020,04:45,05:00,40
N01171A,TH,13-08-2020,05:00,05:15,48
N01171A,TH,13-08-2020,05:15,05:30,34
N01171A,TH,13-08-2020,05:30,05:45,44
N01171A,TH,13-08-2020,05:45,06:00,68
N01171A,TH,13-08-2020,06:00,06:15,75
N01171A,TH,13-08-2020,06:15,06:30,60
N01171A,TH,13-08-2020,06:30,06:45,99
N01171A,TH,13-08-2020,06:45,07:00,138
N01171A,TH,13-08-2020,07:00,07:15,103
N01171A,TH,13-08-2020,07:15,07:30,207
N01171A,TH,13-08-2020,07:30,07:45,160
N01171A,TH,13-08-2020,07:45,08:00,157
N01171A,TH,13-08-2020,08:00,08:15,135
N01171A,TH,13-08-2020,08:15,08:30,122
N01171A,TH,13-08-2020,08:30,08:45,151
N01171A,TH,13-08-2020,08:45,09:00,157
N01171A,TH,13-08-2020,09:00,09:15,163
N01171A,TH,13-08-2020,09:15,09:30,159
N01171A,TH,13-08-2020,09:30,09:45,158
N01171A,TH,13-08-2020,09:45,10:00,85
N01171A,TH,13-08-2020,10:00,10:15,149
N01171A,TH,13-08-2020,10:15,10:30,170
N01171A,TH,13-08-2020,10:30,10:45,140
N01171A,TH,13-08-2020,10:45,11:00,151
N01171A,TH,13-08-2020,11:00,11:15,159
N01171A,TH,13-08-2020,11:15,11:30,167
N01171A,TH,13-08-2020,11:30,11:45,184
N01171A,TH,13-08-2020,11:45,12:00,173
N01171A,TH,13-08-2020,12:00,12:15,107
N01171A,TH,13-08-2020,12:15,12:30,206
N01171A,TH,13-08-2020,12:30,12:45,182
N01171A,TH,13-08-2020,12:45,13:00,169
N01171A,TH,13-08-2020,13:00,13:15,169
N01171A,TH,13-08-2020,13:15,13:30,154
N01171A,TH,13-08-2020,13:30,13:45,199
N01171A,TH,13-08-2020,13:45,14:00,162
N01171A,TH,13-08-2020,14:00,14:15,170
N01171A,TH,13-08-2020,14:15,14:30,128
N01171A,TH,13-08-2020,14:30,14:45,154
N01171A,TH,13-08-2020,14:45,15:00,193
N01171A,TH,13-08-2020,15:00,15:15,160
N01171A,TH,13-08-2020,15:15,15:30,159
N01171A,TH,13-08-2020,15:30,15:45,217
N01171A,TH,13-08-2020,15:45,16:00,132
N01171A,TH,13-08-2020,16:00,16:15,174
N01171A,TH,13-08-2020,16:15,16:30,142
N01171A,TH,13-08-2020,16:30,16:45,160
N01171A,TH,13-08-2020,16:45,17:00,193
N01171A,TH,13-08-2020,17:00,17:15,124
N01171A,TH,13-08-2020,17:15,17:30,159
N01171A,TH,13-08-2020,17:30,17:45,132
N01171A,TH,13-08-2020,17:45,18:00,181
N01171A,TH,13-08-2020,18:00,18:15,112
N01171A,TH,13-08-2020,18:15,18:30,121
N01171A,TH,13-08-2020,18:30,18:45,151
N01171A,TH,13-08-2020,18:45,19:00,102
N01171A,TH,13-08-2020,19:00,19:15,128
N01171A,TH,13-08-2020,19:15,19:30,120
N01171A,TH,13-08-2020,19:30,19:45,144
N01171A,TH,13-08-2020,19:45,20:00,100
N01171A,TH,13-08-2020,20:00,20:15,100
N01171A,TH,13-08-2020,20:15,20:30,83
N01171A,TH,13-08-2020,20:30,20:45,62
N01171A,TH,13-08-2020,20:45,21:00,65
N01171A,TH,13-08-2020,21:00,21:15,114
N01171A,TH,13-08-2020,21:15,21:30,64
N01171A,TH,13-08-2020,21:30,21:45,122
N01171A,TH,13-08-2020,21:45,22:00,81
N01171A,TH,13-08-2020,22:00,22:15,64
N01171A,TH,13-08-2020,22:15,22:30,38
N01171A,TH,13-08-2020,22:30,22:45,66
N01171A,TH,13-08-2020,22:45,23:00,28
N01171A,TH,13-08-2020,23:00,23:15,60
N01171A,TH,13-08-2020,23:15,23:30,25
N01171A,TH,13-08-2020,23:30,23:45,24
N01171A,TH,13-08-2020,23:45,24:00,21
N01171A,FR,14-08-2020,00:00,00:15,23
N01171A,FR,14-08-2020,00:15,00:30,22
N01171A,FR,14-08-2020,00:30,00:45,39
N01171A,FR,14-08-2020,00:45,01:00,18
N01171A,FR,14-08-2020,01:00,01:15,25
N01171A,FR,14-08-2020,01:15,01:30,21
N01171A,FR,14-08-2020,01:30,01:45,10
N01171A,FR,14-08-2020,01:45,02:00,15
N01171A,FR,14-08-2020,02:00,02:15,6
N01171A,FR,14-08-2020,02:15,02:30,22
N01171A,FR,14-08-2020,02:30,02:45,6
N01171A,FR,14-08-2020,02:45,03:00,3
N01171A,FR,14-08-2020,03:00,03:15,0
N01171A,FR,14-08-2020,03:15,03:30,28
N01171A,FR,14-08-2020,03:30,03:45,21
N01171A,FR,14-08-2020,03:45,04:00,14
N01171A,FR,14-08-2020,04:00,04:15,11
N01171A,FR,14-08-2020,04:15,04:30,7
N01171A,FR,14-08-2020,04:30,04:45,16
N01171A,FR,14-08-2020,04:45,05:00,70
N01171A,FR,14-08-2020,05:00,05:15,32
N01171A,FR,14-08-2020,05:15,05:30,45
N01171A,FR,14-08-2020,05:30,05:45,67
N01171A,FR,14-08-2020,05:45,06:00,73
N01171A,FR,14-08-2020,06:00,06:15,64
N01171A,FR,14-08-2020,06:15,06:30,64
N01171A,FR,14-08-2020,06:30,06:45,84
N01171A,FR,14-08-2020,06:45,07:00,95
N01171A,FR,14-08-2020,07:00,07:15,118
N01171A,FR,14-08-2020,07:15,07:30,149
N01171A,FR,14-08-2020,07:30,07:45,128
N01171A,FR,14-08-2020,07:45,08:00,188
N01171A,FR,14-08-2020,08:00,08:15,136
N01171A,FR,14-08-2020,08:15,08:30,205
N01171A,FR,14-08-2020,08:30,08:45,111
N01171A,FR,14-08-2020,08:45,09:00,135
N01171A,FR,14-08-2020,09:00,09:15,128
N01171A,FR,14-08-2020,09:15,09:30,141
N01171A,FR,14-08-2020,09:30,09:45,139
N01171A,FR,14-08-2020,09:45,10:00,132
N01171A,FR,14-08-2020,10:00,10:15,139
N01171A,FR,14-08-2020,10:15,10:30,176
N01171A,FR,14-08-2020,10:30,10:45,161
N01171A,FR,14-08-2020,10:45,11:00,182
N01171A,FR,14-08-2020,11:00,11:15,124
N01171A,FR,14-08-2020,11:15,11:30,128
N01171A,FR,14-08-2020,11:30,11:45,196
N01171A,FR,14-08-2020,11:45,12:00,177
N01171A,FR,14-08-2020,12:00,12:15,161
N01171A,FR,14-08-2020,12:15,12:30,161
N01171A,FR,14-08-2020,12:30,12:45,179
N01171A,FR,14-08-2020,12:45,13:00,184
N01171A,FR,14-08-2020,13:00,13:15,181
N01171A,FR,14-08-2020,13:15,13:30,185
N01171A,FR,14-08-2020,13:30,13:45,176
N01171A,FR,14-08-2020,13:45,14:00,205
N01171A,FR,14-08-2020,14:00,14:15,190
N01171A,FR,14-08-2020,14:15,14:30,189
N01171A,FR,14-08-2020,14:30,14:45,176
N01171A,FR,14-08-2020,14:45,15:00,154
N01171A,FR,14-08-2020,15:00,15:15,154
N01171A,FR,14-08-2020,15:15,15:30,163
N01171A,FR,14-08-2020,15:30,15:45,133
N01171A,FR,14-08-2020,15:45,16:00,202
N01171A,FR,14-08-2020,16:00,16:15,157
N01171A,FR,14-08-2020,16:15,16:30,125
N01171A,FR,14-08-2020,16:30,16:45,144
N01171A,FR,14-08-2020,16:45,17:00,160
N01171A,FR,14-08-2020,17:00,17:15,155
N01171A,FR,14-08-2020,17:15,17:30,150
N01171A,FR,14-08-2020,17:30,17:45,131
N01171A,FR,14-08-2020,17:45,18:00,140
N01171A,FR,14-08-2020,18:00,18:15,83
N01171A,FR,14-08-2020,18:15,18:30,122
N01171A,FR,14-08-2020,18:30,18:45,80
N01171A,FR,14-08-2020,18:45,19:00,95
N01171A,FR,14-08-2020,19:00,19:15,136
N01171A,FR,14-08-2020,19:15,19:30,101
N01171A,FR,14-08-2020,19:30,19:45,125
N01171A,FR,14-08-2020,19:45,20:00,106
N01171A,FR,14-08-2020,20:00,20:15,102
N01171A,FR,14-08-2020,20:15,20:30,103
N01171A,FR,14-08-2020,20:30,20:45,52
N01171A,FR,14-08-2020,20:45,21:00,83
N01171A,FR,14-08-2020,21:00,21:15,114
N01171A,FR,14-08-2020,21:15,21:30,64
N01171A,FR,14-08-2020,21:30,21:45,100
N01171A,FR,14-08-2020,21:45,22:00,107
N01171A,FR,14-08-2020,22:00,22:15,51
N01171A,FR,14-08-2020,22:15,22:30,66
N01171A,FR,14-08-2020,22:30,22:45,66
N01171A,FR,14-08-2020,22:45,23:00,95
N01171A,FR,14-08-2020,23:00,23:15,55
N01171A,FR,14-08-2020,23:15,23:30,39
N01171A,FR,14-08-2020,23:30,23:45,12
N01171A,FR,14-08-2020,23:45,24:00,55
N01171A,SA,15-08-2020,00:00,00:15,25
N01171A,SA,15-08-2020,00:15,00:30,73
N01171A,SA,15-08-2020,00:30,00:45,18
N01171A,SA,15-08-2020,00:45,01:00,39
N01171A,SA,15-08-2020,01:00,01:15,12
N01171A,SA,15-08-2020,01:15,01:30,13
N01171A,SA,15-08-2020,01:30,01:45,31
N01171A,SA,15-08-2020,01:45,02:00,22
N01171A,SA,15-08-2020,02:00,02:15,3
N01171A,SA,15-08-2020,02:15,02:30,27
N01171A,SA,15-08-2020,02:30,02:45,3
N01171A,SA,15-08-2020,02:45,03:00,4
N01171A,SA,15-08-2020,03:00,03:15,19
N01171A,SA,15-08-2020,03:15,03:30,8
N01171A,SA,15-08-2020,03:30,03:45,15
N01171A,SA,15-08-2020,03:45,04:00,3
N01171A,SA,15-08-2020,04:00,04:15,4
N01171A,SA,15-08-2020,04:15,04:30,6
N01171A,SA,15-08-2020,04:30,04:45,3
N01171A,SA,15-08-2020,04:45,05:00,23
N01171A,SA,15-08-2020,05:00,05:15,19
N01171A,SA,15-08-2020,05:15,05:30,21
N01171A,SA,15-08-2020,05:30,05:45,41
N01171A,SA,15-08-2020,05:45,06:00,50
N01171A,SA,15-08-2020,06:00,06:15,43
N01171A,SA,15-08-2020,06:15,06:30,68
N01171A,SA,15-08-2020,06:30,06:45,75
N01171A,SA,15-08-2020,06:45,07:00,73
N01171A,SA,15-08-2020,07:00,07:15,27
N01171A,SA,15-08-2020,07:15,07:30,57
N01171A,SA,15-08-2020,07:30,07:45,65
N01171A,SA,15-08-2020,07:45,08:00,62
N01171A,SA,15-08-2020,08:00,08:15,70
N01171A,SA,15-08-2020,08:15,08:30,72
N01171A,SA,15-08-2020,08:30,08:45,80
N01171A,SA,15-08-2020,08:45,09:00,84
N01171A,SA,15-08-2020,09:00,09:15,78
N01171A,SA,15-08-2020,09:15,09:30,66
N01171A,SA,15-08-2020,09:30,09:45,99
N01171A,SA,15-08-2020,09:45,10:00,120
N01171A,SA,15-08-2020,10:00,10:15,114
N01171A,SA,15-08-2020,10:15,10:30,115
N01171A,SA,15-08-2020,10:30,10:45,119
N01171A,SA,15-08-2020,10:45,11:00,127
N01171A,SA,15-08-2020,11:00,11:15,154
N01171A,SA,15-08-2020,11:15,11:30,112
N01171A,SA,15-08-2020,11:30,11:45,166
N01171A,SA,15-08-2020,11:45,12:00,134
N01171A,SA,15-08-2020,12:00,12:15,161
N01171A,SA,15-08-2020,12:15,12:30,176
N01171A,SA,15-08-2020,12:30,12:45,140
N01171A,SA,15-08-2020,12:45,13:00,185
N01171A,SA,15-08-2020,13:00,13:15,198
N01171A,SA,15-08-2020,13:15,13:30,106
N01171A,SA,15-08-2020,13:30,13:45,181
N01171A,SA,15-08-2020,13:45,14:00,208
N01171A,SA,15-08-2020,14:00,14:15,194
N01171A,SA,15-08-2020,14:15,14:30,126
N01171A,SA,15-08-2020,14:30,14:45,194
N01171A,SA,15-08-2020,14:45,15:00,208
N01171A,SA,15-08-2020,15:00,15:15,201
N01171A,SA,15-08-2020,15:15,15:30,109
N01171A,SA,15-08-2020,15:30,15:45,223
N01171A,SA,15-08-2020,15:45,16:00,182
N01171A,SA,15-08-2020,16:00,16:15,183
N01171A,SA,15-08-2020,16:15,16:30,139
N01171A,SA,15-08-2020,16:30,16:45,190
N01171A,SA,15-08-2020,16:45,17:00,135
N01171A,SA,15-08-2020,17:00,17:15,168
N01171A,SA,15-08-2020,17:15,17:30,190
N01171A,SA,15-08-2020,17:30,17:45,99
N01171A,SA,15-08-2020,17:45,18:00,146
N01171A,SA,15-08-2020,18:00,18:15,116
N01171A,SA,15-08-2020,18:15,18:30,109
N01171A,SA,15-08-2020,18:30,18:45,95
N01171A,SA,15-08-2020,18:45,19:00,108
N01171A,SA,15-08-2020,19:00,19:15,134
N01171A,SA,15-08-2020,19:15,19:30,79
N01171A,SA,15-08-2020,19:30,19:45,144
N01171A,SA,15-08-2020,19:45,20:00,129
N01171A,SA,15-08-2020,20:00,20:15,78
N01171A,SA,15-08-2020,20:15,20:30,78
N01171A,SA,15-08-2020,20:30,20:45,62
N01171A,SA,15-08-2020,20:45,21:00,92
N01171A,SA,15-08-2020,21:00,21:15,78
N01171A,SA,15-08-2020,21:15,21:30,83
N01171A,SA,15-08-2020,21:30,21:45,61
N01171A,SA,15-08-2020,21:45,22:00,119
N01171A,SA,15-08-2020,22:00,22:15,58
N01171A,SA,15-08-2020,22:15,22:30,57
N01171A,SA,15-08-2020,22:30,22:45,101
N01171A,SA,15-08-2020,22:45,23:00,60
N01171A,SA,15-08-2020,23:00,23:15,58
N01171A,SA,15-08-2020,23:15,23:30,67
N01171A,SA,15-08-2020,23:30,23:45,59
N01171A,SA,15-08-2020,23:45,24:00,48
N01171A,SU,16-08-2020,00:00,00:15,28
N01171A,SU,16-08-2020,00:15,00:30,56
N01171A,SU,16-08-2020,00:30,00:45,48
N01171A,SU,16-08-2020,00:45,01:00,29
N01171A,SU,16-08-2020,01:00,01:15,24
N01171A,SU,16-08-2020,01:15,01:30,14
N01171A,SU,16-08-2020,01:30,01:45,36
N01171A,SU,16-08-2020,01:45,02:00,19
N01171A,SU,16-08-2020,02:00,02:15,14
N01171A,SU,16-08-2020,02:15,02:30,19
N01171A,SU,16-08-2020,02:30,02:45,18
N01171A,SU,16-08-2020,02:45,03:00,12
N01171A,SU,16-08-2020,03:00,03:15,4
N01171A,SU,16-08-2020,03:15,03:30,9
N01171A,SU,16-08-2020,03:30,03:45,0
N01171A,SU,16-08-2020,03:45,04:00,18
N01171A,SU,16-08-2020,04:00,04:15,7
N01171A,SU,16-08-2020,04:15,04:30,14
N01171A,SU,16-08-2020,04:30,04:45,10
N01171A,SU,16-08-2020,04:45,05:00,13
N01171A,SU,16-08-2020,05:00,05:15,0
N01171A,SU,16-08-2020,05:15,05:30,18
N01171A,SU,16-08-2020,05:30,05:45,22
N01171A,SU,16-08-2020,05:45,06:00,18
N01171A,SU,16-08-2020,06:00,06:15,32
N01171A,SU,16-08-2020,06:15,06:30,20
N01171A,SU,16-08-2020,06:30,06:45,48
N01171A,SU,16-08-2020,06:45,07:00,44
N01171A,SU,16-08-2020,07:00,07:15,40
N01171A,SU,16-08-2020,07:15,07:30,25
N01171A,SU,16-08-2020,07:30,07:45,36
N01171A,SU,16-08-2020,07:45,08:00,29
N01171A,SU,16-08-2020,08:00,08:15,35
N01171A,SU,16-08-2020,08:15,08:30,26
N01171A,SU,16-08-2020,08:30,08:45,39
N01171A,SU,16-08-2020,08:45,09:00,33
N01171A,SU,16-08-2020,09:00,09:15,35
N01171A,SU,16-08-2020,09:15,09:30,49
N01171A,SU,16-08-2020,09:30,09:45,42
N01171A,SU,16-08-2020,09:45,10:00,64
N01171A,SU,16-08-2020,10:00,10:15,56
N01171A,SU,16-08-2020,10:15,10:30,82
N01171A,SU,16-08-2020,10:30,10:45,86
N01171A,SU,16-08-2020,10:45,11:00,98
N01171A,SU,16-08-2020,11:00,11:15,114
N01171A,SU,16-08-2020,11:15,11:30,90
N01171A,SU,16-08-2020,11:30,11:45,120
N01171A,SU,16-08-2020,11:45,12:00,78
N01171A,SU,16-08-2020,12:00,12:15,105
N01171A,SU,16-08-2020,12:15,12:30,160
N01171A,SU,16-08-2020,12:30,12:45,131
N01171A,SU,16-08-2020,12:45,13:00,76
N01171A,SU,16-08-2020,13:00,13:15,170
N01171A,SU,16-08-2020,13:15,13:30,103
N01171A,SU,16-08-2020,13:30,13:45,124
N01171A,SU,16-08-2020,13:45,14:00,106
N01171A,SU,16-08-2020,14:00,14:15,131
N01171A,SU,16-08-2020,14:15,14:30,130
N01171A,SU,16-08-2020,14:30,14:45,158
N01171A,SU,16-08-2020,14:45,15:00,108
N01171A,SU,16-08-2020,15:00,15:15,99
N01171A,SU,16-08-2020,15:15,15:30,106
N01171A,SU,16-08-2020,15:30,15:45,132
N01171A,SU,16-08-2020,15:45,16:00,110
N01171A,SU,16-08-2020,16:00,16:15,128
N01171A,SU,16-08-2020,16:15,16:30,92
N01171A,SU,16-08-2020,16:30,16:45,118
N01171A,SU,16-08-2020,16:45,17:00,126
N01171A,SU,16-08-2020,17:00,17:15,136
N01171A,SU,16-08-2020,17:15,17:30,132
N01171A,SU,16-08-2020,17:30,17:45,79
N01171A,SU,16-08-2020,17:45,18:00,118
N01171A,SU,16-08-2020,18:00,18:15,113
N01171A,SU,16-08-2020,18:15,18:30,91
N01171A,SU,16-08-2020,18:30,18:45,55
N01171A,SU,16-08-2020,18:45,19:00,76
N01171A,SU,16-08-2020,19:00,19:15,63
N01171A,SU,16-08-2020,19:15,19:30,58
N01171A,SU,16-08-2020,19:30,19:45,96
N01171A,SU,16-08-2020,19:45,20:00,80
N01171A,SU,16-08-2020,20:00,20:15,74
N01171A,SU,16-08-2020,20:15,20:30,72
N01171A,SU,16-08-2020,20:30,20:45,69
N01171A,SU,16-08-2020,20:45,21:00,82
N01171A,SU,16-08-2020,21:00,21:15,81
N01171A,SU,16-08-2020,21:15,21:30,54
N01171A,SU,16-08-2020,21:30,21:45,51
N01171A,SU,16-08-2020,21:45,22:00,77
N01171A,SU,16-08-2020,22:00,22:15,78
N01171A,SU,16-08-2020,22:15,22:30,47
N01171A,SU,16-08-2020,22:30,22:45,51
N01171A,SU,16-08-2020,22:45,23:00,51
N01171A,SU,16-08-2020,23:00,23:15,48
N01171A,SU,16-08-2020,23:15,23:30,30
N01171A,SU,16-08-2020,23:30,23:45,32
N01171A,SU,16-08-2020,23:45,24:00,37
N01171A,MO,17-08-2020,00:00,00:15,21
N01171A,MO,17-08-2020,00:15,00:30,19
N01171A,MO,17-08-2020,00:30,00:45,4
N01171A,MO,17-08-2020,00:45,01:00,18
N01171A,MO,17-08-2020,01:00,01:15,9
N01171A,MO,17-08-2020,01:15,01:30,15
N01171A,MO,17-08-2020,01:30,01:45,12
N01171A,MO,17-08-2020,01:45,02:00,4
N01171A,MO,17-08-2020,02:00,02:15,27
N01171A,MO,17-08-2020,02:15,02:30,3
N01171A,MO,17-08-2020,02:30,02:45,14
N01171A,MO,17-08-2020,02:45,03:00,11
N01171A,MO,17-08-2020,03:00,03:15,14
N01171A,MO,17-08-2020,03:15,03:30,4
N01171A,MO,17-08-2020,03:30,03:45,13
N01171A,MO,17-08-2020,03:45,04:00,22
N01171A,MO,17-08-2020,04:00,04:15,7
N01171A,MO,17-08-2020,04:15,04:30,7
N01171A,MO,17-08-2020,04:30,04:45,9
N01171A,MO,17-08-2020,04:45,05:00,67
N01171A,MO,17-08-2020,05:00,05:15,33
N01171A,MO,17-08-2020,05:15,05:30,45
N01171A,MO,17-08-2020,05:30,05:45,72
N01171A,MO,17-08-2020,05:45,06:00,98
N01171A,MO,17-08-2020,06:00,06:15,70
N01171A,MO,17-08-2020,06:15,06:30,50
N01171A,MO,17-08-2020,06:30,06:45,95
N01171A,MO,17-08-2020,06:45,07:00,104
N01171A,MO,17-08-2020,07:00,07:15,105
N01171A,MO,17-08-2020,07:15,07:30,173
N01171A,MO,17-08-2020,07:30,07:45,165
N01171A,MO,17-08-2020,07:45,08:00,147
N01171A,MO,17-08-2020,08:00,08:15,163
N01171A,MO,17-08-2020,08:15,08:30,139
N01171A,MO,17-08-2020,08:30,08:45,156
N01171A,MO,17-08-2020,08:45,09:00,144
N01171A,MO,17-08-2020,09:00,09:15,109
N01171A,MO,17-08-2020,09:15,09:30,161
N01171A,MO,17-08-2020,09:30,09:45,119
N01171A,MO,17-08-2020,09:45,10:00,137
N01171A,MO,17-08-2020,10:00,10:15,150
N01171A,MO,17-08-2020,10:15,10:30,121
N01171A,MO,17-08-2020,10:30,10:45,118
N01171A,MO,17-08-2020,10:45,11:00,141
N01171A,MO,17-08-2020,11:00,11:15,117
N01171A,MO,17-08-2020,11:15,11:30,205
N01171A,MO,17-08-2020,11:30,11:45,137
N01171A,MO,17-08-2020,11:45,12:00,168
N01171A,MO,17-08-2020,12:00,12:15,133
N01171A,MO,17-08-2020,12:15,12:30,99
N01171A,MO,17-08-2020,12:30,12:45,107
N01171A,MO,17-08-2020,12:45,13:00,179
N01171A,MO,17-08-2020,13:00,13:15,154
N01171A,MO,17-08-2020,13:15,13:30,161
N01171A,MO,17-08-2020,13:30,13:45,151
N01171A,MO,17-08-2020,13:45,14:00,160
N01171A,MO,17-08-2020,14:00,14:15,158
N01171A,MO,17-08-2020,14:15,14:30,177
N01171A,MO,17-08-2020,14:30,14:45,208
N01171A,MO,17-08-2020,14:45,15:00,126
